Numero Factura;Fecha y Hora;Nombre Cliente;Documento Cliente;Nombre Producto;Codigo de Barras;Cantidad;Precio;Descuento Porcentaje;Metodo Pago;Subtotal Factura;IVA Factura;Total Factura;Usuario Vendedor;Anulada
FAC-743;2026-07-07;;;SPLASH CABALLERO CAPSULA (UN);4623010;1;36000;0;A convenir;36000;0;36000;admin;NO
FAC-743;2026-07-07;;;CAMISETAS CABALLERO POLO ROMBOS ALGODON (L);11221723;1;66000;0;;66000;0;66000;admin;NO
FAC-743;2026-07-07;;;CAMISETAS CABALLERO CUELLO REDONDO TIPO GALLETA (M);11229125;1;42000;0;;42000;0;42000;admin;NO
FAC-743;2026-07-07;;;LAPIZ DAMA CEJAS (UN);7213020;1;9000;0;;9000;0;9000;admin;NO
FAC-743;2026-07-07;;;CAIMAN DAMA OSCURO CAFE (UN);5911980;1;6000;0;;6000;0;6000;admin;NO
FAC-743;2026-07-07;;;CONJUNTO UNISEX COLOMBIA 1.1 POLO AZUL (L);40329523;1;80000;0;;80000;0;80000;admin;NO
FAC-743;2026-07-07;;;CONJUNTO UNISEX COLOMBIA AAA AZUL ENTRENAMIENTO (M);40333225;1;75000;0;;75000;0;75000;admin;NO
FAC-743;2026-07-07;;;CAMISETAS UNISEX COLOMBIA AAA POLO AZUL (S);11329627;1;60000;0;;60000;0;60000;admin;NO
FAC-743;2026-07-07;;;CANDONGAS UNISEX CANDONGA MEDIANA (VA);3436731;1;20000;0;;20000;0;20000;admin;NO
FAC-742;2026-07-07;;;PANTALONES DAMA NOCHE (12);211974;1;92000;0;Tarjeta de crédito;92000;0;92000;admin;NO
FAC-741;2026-07-07;;;CAMISETAS CABALLERO POLO TOMMY (XL);11229832;1;50000;0;Transferencia o depósito;50000;0;50000;admin;NO
FAC-740;2026-07-07;;;BUSOS CABALLERO CUELLO REDONDO (M);26210825;1;56000;0;Efectivo;56000;0;56000;admin;NO
FAC-739;2026-07-07;;;CAMISETAS CABALLERO COLOMBIA 1.1 AMARILLA (L);1128723;1;70000;0;Transferencia o depósito;70000;0;70000;admin;NO
FAC-738;2026-07-07;;;CAMISETAS NIÑO COLOMBIA AAA AMARILLA (18);114887;2;70000;0;A convenir;70000;0;70000;admin;NO
FAC-737;2026-07-07;;;CONJUNTO CABALLERO ALEMANIA AAA LOCAL (L);4021523;1;70000;0;Transferencia o depósito;70000;0;70000;admin;NO
FAC-736;2026-07-07;;;BLUSAS DAMA AMBAR (UN);612430;1;46000;0;Efectivo;46000;0;46000;admin;NO
FAC-736;2026-07-07;;;GORRAS UNISEX VARIOS (UN);14327530;1;32000;0;;32000;0;32000;admin;NO
FAC-735;2026-07-07;;;GORRAS UNISEX COLOMBIA 1.1;14335930;1;60000;0;A convenir;60000;0;60000;admin;NO
FAC-734;2026-07-07;;;SACO DAMA SACO ABIERTO (UN);39124730;1;66000;0;Tarjeta de débito;66000;0;66000;admin;NO
FAC-734;2026-07-07;;;BUSOS DAMA CAPOTA LANA (UN);2617030;1;68000;0;;68000;0;68000;admin;NO
FAC-733;2026-07-07;;;BUSOS DAMA PEPAS CHINILLO (UN);26120730;1;50000;0;Efectivo;50000;0;50000;admin;NO
FAC-732;2026-07-07;;;CAMISETAS CABALLERO POLO SEDA FRIA (XL);11221832;1;48000;0;Tarjeta de débito;48000;0;48000;admin;NO
FAC-732;2026-07-07;;;BUSOS UNISEX ALGODON CUELLO REDONDO ESTAMPADO (XL);2632132;1;44000;0;;44000;0;44000;admin;NO
FAC-731;2026-07-07;;;BUSOS UNISEX MUNDIAL 2026 (M);26319425;1;70000;0;Tarjeta de débito;70000;0;70000;admin;NO
FAC-730;2026-07-07;;;CAMISETAS CABALLERO COLOMBIA AAA AMARILLA (S);1128827;1;60000;0;Tarjeta de débito;60000;0;60000;admin;NO
FAC-729;2026-07-07;;;CAMISETAS CABALLERO POLO SEDA FRIA (M);11221825;1;48000;0;Efectivo;48000;0;48000;admin;NO
FAC-728;2026-07-07;;;CARRIEL UNISEX VALANT (UN);1832740;1;44000;0;Efectivo;44000;0;44000;admin;NO
FAC-727;2026-07-07;;;CAMISETAS CABALLERO COLOMBIA 1.1 AMARILLA (S);1128727;1;70000;0;Efectivo;70000;0;70000;admin;NO
FAC-726;2026-07-07;;;CAMISETAS CABALLERO COLOMBIA 1.1 AMARILLA (L);1128723;1;70000;0;Transferencia o depósito;70000;0;70000;admin;NO
FAC-725;2026-07-07;;;BUSOS UNISEX MUNDIAL 2026 (XXL);26319434;1;70000;0;Transferencia o depósito;70000;0;70000;admin;NO
FAC-725;2026-07-07;;;CAMISETAS CABALLERO CUELLO REDONDO TIPO GALLETA (XL);11229132;1;42000;0;;42000;0;42000;admin;NO
FAC-725;2026-07-07;;;BUSOS CABALLERO MEDIA CREMALLERA COMBINADO (UN);26218530;1;80000;0;;80000;0;80000;admin;NO
FAC-725;2026-07-07;;;CAMISETAS CABALLERO SEDA FRIA (XL);11224832;1;40000;0;;40000;0;40000;admin;NO
FAC-725;2026-07-07;;;CAMISETAS CABALLERO SEDA FRIA (M);11224825;2;40000;0;;40000;0;40000;admin;NO
FAC-725;2026-07-07;;;BUSOS CABALLERO CUELLO REDONDO COMBINADO (UN);26210930;1;70000;0;;70000;0;70000;admin;NO
FAC-725;2026-07-07;;;PANTALONETAS CABALLERO DEPORTIVA (S-M);35211328;1;44000;0;;44000;0;44000;admin;NO
FAC-725;2026-07-07;;;GORRAS UNISEX VARIOS (UN);14327530;1;32000;0;;32000;0;32000;admin;NO
FAC-724;2026-07-07;;;CAMISETAS CABALLERO COLOMBIA 1.1 AMARILLA (L);1128723;1;70000;0;Efectivo;70000;0;70000;admin;NO
FAC-723;2026-07-07;;;CAMISETAS CABALLERO COLOMBIA 1.1 AMARILLA (L);1128723;1;70000;0;Efectivo;70000;0;70000;admin;NO
FAC-722;2026-07-07;;;TOPOS UNISEX TOPOS DE SEGURIDAD 3 (VA);32326931;1;10000;0;Tarjeta de débito;10000;0;10000;admin;NO
FAC-722;2026-07-07;;;CANDONGAS UNISEX REDONDA 1 (VA);34323331;1;9000;0;;9000;0;9000;admin;NO
FAC-722;2026-07-07;;;CAMISETAS CABALLERO COLOMBIA 1.1 AMARILLA (M);1128725;1;70000;0;;70000;0;70000;admin;NO
FAC-721;2026-07-07;;;BUSOS UNISEX MUNDIAL 2026 (M);26319425;1;70000;0;A convenir;70000;0;70000;admin;NO
FAC-721;2026-07-07;;;BUSOS UNISEX MUNDIAL 2026 (XXL);26319434;1;70000;0;;70000;0;70000;admin;NO
FAC-720;2026-07-07;;;CHAQUETAS DAMA JEAN OVEJERA (XL);25115432;1;100000;0;Tarjeta de crédito;100000;0;100000;admin;NO
FAC-720;2026-07-07;;;COLLAR UNISEX COLLAR 1 (VA);3037931;1;32000;0;;32000;0;32000;admin;NO
FAC-719;2026-07-07;;;CHAQUETAS CABALLERO COLUMBIA IMPORTADO (XL);25232932;1;150000;0;Transferencia o depósito;150000;0;150000;admin;NO
FAC-718;2026-07-07;;;CHAQUETAS UNISEX ROMPEVIENTOS NEGRA COLOMBIA (XXL);25333934;1;100000;0;Efectivo;100000;0;100000;admin;NO
FAC-717;2026-07-07;;;CHAQUETAS UNISEX ROMPEVIENTOS ROJA COLOMBIA (L);25334023;1;100000;0;Tarjeta de débito;100000;0;100000;admin;NO
FAC-717;2026-07-07;;;CAMISETAS CABALLERO COLOMBIA AAA AMARILLA (L);1128823;1;60000;0;;60000;0;60000;admin;NO
FAC-716;2026-07-07;;;CAMISETAS NIÑO COLOMBIA AAA AMARILLA (18);114887;1;70000;0;Transferencia o depósito;70000;0;70000;admin;NO
FAC-716;2026-07-07;;;CAMISETAS CABALLERO COLOMBIA 1.1 AMARILLA (S);1128727;1;70000;0;;70000;0;70000;admin;NO
FAC-715;2026-07-07;;;CAMISETAS CABALLERO COLOMBIA AAA AMARILLA (L);1128823;1;60000;0;Efectivo;60000;0;60000;admin;NO
FAC-714;2026-07-07;;;CAMISETAS CABALLERO OVERSIZE (L);11220223;1;58000;0;Transferencia o depósito;58000;0;58000;admin;NO
FAC-714;2026-07-07;;;SUDADERA UNISEX OVERSIZE (UN);41320230;1;66000;0;;66000;0;66000;admin;NO
FAC-713;2026-07-07;;;BUSOS UNISEX MUNDIAL 2026 (M);26319425;1;70000;0;Transferencia o depósito;70000;0;70000;admin;NO
FAC-712;2026-07-07;;;CAMISETAS NIÑO COLOMBIA AAA AMARILLA (18);114887;1;70000;0;Tarjeta de débito;70000;0;70000;admin;NO
FAC-711;2026-07-07;;;CAMISETAS CABALLERO PORTUGAL 1.1 VISITANTE (XXL);11222234;1;86000;0;Efectivo;86000;0;86000;admin;NO
FAC-710;2026-07-07;;;CAMISETAS CABALLERO CUELLO REDONDO TIPO GALLETA (M);11229125;1;42000;0;Efectivo;42000;0;42000;admin;NO
FAC-709;2026-07-07;;;CAMISETAS CABALLERO COLOMBIA 1.1 AMARILLA (M);1128725;1;70000;0;Transferencia o depósito;70000;0;70000;admin;NO
FAC-708;2026-07-07;;;CONJUNTO UNISEX DE COLOMBIA (VA);40311131;1;35000;0;Transferencia o depósito;35000;0;35000;admin;NO
FAC-707;2026-07-07;;;CAMISETAS DAMA COLOMBIA 1.1 AMARILLA (L);1118723;1;80000;0;Transferencia o depósito;80000;0;80000;admin;NO
FAC-706;2026-07-07;;;CAMISETAS DAMA COLOMBIA 1.1 AMARILLA (L);1118723;2;80000;0;Transferencia o depósito;80000;0;80000;admin;NO
FAC-705;2026-07-07;;;CAMISETAS NIÑO COLOMBIA AAA AMARILLA (18);114887;1;70000;0;Tarjeta de débito;70000;0;70000;admin;NO
FAC-704;2026-07-07;;;BUSOS CABALLERO CUELLO REDONDO (M);26210825;1;56000;0;Tarjeta de débito;56000;0;56000;admin;NO
FAC-703;2026-07-07;;;CAMISETAS CABALLERO COLOMBIA 1.1 AMARILLA (M);1128725;1;70000;0;Efectivo;70000;0;70000;admin;NO
FAC-702;2026-07-07;;;BUSOS UNISEX MUNDIAL 2026 (L);26319423;1;70000;0;Tarjeta de débito;70000;0;70000;admin;NO
FAC-701;2026-07-07;;;CAMISETAS CABALLERO COLOMBIA 1.1 AMARILLA (L);1128723;1;70000;0;Transferencia o depósito;70000;0;70000;admin;NO
FAC-700;2026-07-07;;;JEANS DAMA 4 BOTONES (8);1142;1;64000;0;Efectivo;64000;0;64000;admin;NO
FAC-700;2026-07-07;;;BLUSAS DAMA AMBAR (UN);612430;1;46000;0;;46000;0;46000;admin;NO
FAC-699;2026-07-07;;;CAMISETAS CABALLERO COLOMBIA 1.1 AMARILLA (L);1128723;1;70000;0;Tarjeta de crédito;70000;0;70000;admin;NO
FAC-699;2026-07-07;;;CHAQUETAS UNISEX SELECCION COLOMBIA ENCAUCHETADA (XL);25329032;1;140000;0;;140000;0;140000;admin;NO
FAC-698;2026-07-07;;;CAMISETAS UNISEX COLOMBIA AAA POLO AMARILLA (XL);11331132;1;60000;0;Efectivo;60000;0;60000;admin;NO
FAC-697;2026-07-07;;;JEANS DAMA BLANCO (34);1129215;1;68000;0;Efectivo;68000;0;68000;admin;NO
FAC-696;2026-07-07;;;BUSOS UNISEX MUNDIAL 2026 (L);26319423;1;70000;0;Efectivo;70000;0;70000;admin;NO
FAC-696;2026-07-07;;;CAMISETAS UNISEX COLOMBIA AAA POLO AZUL (S);11329627;1;60000;0;;60000;0;60000;admin;NO
FAC-695;2026-07-07;;;CHAQUETAS UNISEX SELECCION COLOMBIA ENCAUCHETADA (M);25329025;1;140000;0;Transferencia o depósito;140000;0;140000;admin;NO
FAC-694;2026-07-07;;;CONJUNTO CABALLERO LIVERPOOL AAA LOCAL 2025 (L);40217623;1;60000;0;Transferencia o depósito;60000;0;60000;admin;NO
FAC-693;2026-07-02;;;CAMISETAS CABALLERO COLOMBIA 1.1 AMARILLA (L);1128723;1;70000;0;Tarjeta de débito;70000;0;70000;admin;NO
FAC-692;2026-07-07;;;CHAQUETAS CABALLERO POLO (UN);25221630;1;68000;0;Tarjeta de crédito;68000;0;68000;admin;NO
FAC-692;2026-07-07;;;BUSOS UNISEX MUNDIAL 2026 (S);26319427;1;70000;0;;70000;0;70000;admin;NO
FAC-691;2026-07-07;;;CAMISETAS NIÑO COLOMBIA AAA AMARILLA (18);114887;1;70000;0;Tarjeta de débito;70000;0;70000;admin;NO
FAC-690;2026-07-07;;;BUSOS UNISEX MUNDIAL 2026 (S);26319427;1;70000;0;Tarjeta de débito;70000;0;70000;admin;NO
FAC-690;2026-07-07;;;JEANS DAMA 1 BOTON BOTA RECTA NEGRO (8);113252;1;76000;0;;76000;0;76000;admin;NO
FAC-689;2026-07-07;;;CHAQUETAS CABALLERO POLO SENCILLA (M);25221925;1;90000;0;Tarjeta de crédito;90000;0;90000;admin;NO
FAC-689;2026-07-07;;;JEANS CABALLERO CLASICO (28);127812;1;70000;0;;70000;0;70000;admin;NO
FAC-689;2026-07-07;;;CAMISETAS DAMA COLOMBIA AAA AMARILLA MANGA LARGA (S);11131227;1;60000;0;;60000;0;60000;admin;NO
FAC-689;2026-07-07;;;CAMISETAS DAMA COLOMBIA AAA AZUL OSCURO ENTREVISTA (S);11133327;1;65000;0;;65000;0;65000;admin;NO
FAC-688;2026-07-07;;;CAMISETAS CABALLERO ITALIA 90 (L);11215023;1;70000;0;Efectivo;70000;0;70000;admin;NO
FAC-687;2026-07-07;;;CAMISETAS CABALLERO COLOMBIA 1.1 AMARILLA (S);1128727;1;70000;0;Efectivo;70000;0;70000;admin;NO
FAC-686;2026-07-07;;;CHAQUETAS UNISEX ROMPEVIENTOS NEGRA COLOMBIA (L);25333923;1;100000;0;Transferencia o depósito;100000;0;100000;admin;NO
FAC-686;2026-07-07;;;CAMISETAS CABALLERO OVERSIZE (L);11220223;1;58000;0;;58000;0;58000;admin;NO
FAC-686;2026-07-07;;;CAMISETAS CABALLERO OVERSIZE (M);11220225;1;58000;0;;58000;0;58000;admin;NO
FAC-685;2026-07-07;;;CAMISETAS DAMA COLOMBIA 1.1 AMARILLA (L);1118723;1;80000;0;Transferencia o depósito;80000;0;80000;admin;NO
FAC-684;2026-07-02;;;CAMISETAS CABALLERO DEPORTIVA (S-M);11211328;1;30000;0;Transferencia o depósito;30000;0;30000;admin;NO
FAC-683;2026-07-02;;;BUSOS UNISEX MUNDIAL 2026 (M);26319425;1;70000;0;Efectivo;70000;0;70000;admin;NO
FAC-682;2026-07-07;;;STRAPLE DAMA TIRA CUELLO (UN);51126330;1;40000;0;Efectivo;40000;0;40000;admin;NO
FAC-682;2026-07-07;;;BLUSAS DAMA AMBAR (UN);612430;1;46000;0;;46000;0;46000;admin;NO
FAC-681;2026-07-02;;;CAMISETAS CABALLERO POLO TIPO GALLETA ACANALADA (M);11232425;1;64000;0;Tarjeta de débito;64000;0;64000;admin;NO
FAC-681;2026-07-02;;;BERMUDAS DAMA DRILL (VA);5112131;2;52000;0;;52000;0;52000;admin;NO
FAC-680;2026-07-02;;;BILLETERAS DAMA BILLETERA MUJER (UN);2313150;1;26000;0;Tarjeta de crédito;26000;0;26000;admin;NO
FAC-680;2026-07-02;;;BUSOS UNISEX ALGODON SIN ESTAMPADO (XL);2632332;1;44000;0;;44000;0;44000;admin;NO
FAC-680;2026-07-02;;;PANTALONES UNISEX ALGODON (XL);231632;1;32000;0;;32000;0;32000;admin;NO
FAC-679;2026-07-02;;;ANILLOS UNISEX ANILLO 4 (VA);2832831;1;16000;0;Tarjeta de débito;16000;0;16000;admin;NO
FAC-679;2026-07-02;;;DRILL DAMA CAMUFLADO (8);421662;1;99000;0;;99000;0;99000;admin;NO
FAC-679;2026-07-02;;;BAMBA DAMA BAMBA SATIN (UN);631420;2;3000;0;;3000;0;3000;admin;NO
FAC-679;2026-07-02;;;CAMISETAS DAMA COLOMBIA AAA AMARILLA MANGA LARGA (S);11131227;1;60000;0;;60000;0;60000;admin;NO
FAC-678;2026-07-02;;;PANTALONES DAMA GAMUSA (UN);2113730;1;70000;0;Tarjeta de débito;70000;0;70000;admin;NO
FAC-678;2026-07-02;;;PANTALONES DAMA MARIPOSA (XL);2118432;1;70000;0;;70000;0;70000;admin;NO
FAC-678;2026-07-02;;;PANTALONES DAMA MARIPOSA (UN);2118430;1;70000;0;;70000;0;70000;admin;NO
FAC-678;2026-07-02;;;BLUSAS DAMA ACANALADA MANGA CORTA (UN);6135130;1;30000;0;;30000;0;30000;admin;NO
FAC-678;2026-07-02;;;SACO DAMA CORAZON LOVE (UN);3919730;1;59000;0;;59000;0;59000;admin;NO
FAC-677;2026-07-02;;;CAMISETAS UNISEX SEDA FRÍA (L);11324923;1;70000;0;Transferencia o depósito;70000;0;70000;admin;NO
FAC-676;2026-07-01;;;CONJUNTO NIÑO DE COLOMBIA (6);4041111;1;35000;0;Efectivo;35000;0;35000;admin;NO
FAC-676;2026-07-01;;;CONJUNTO UNISEX DE COLOMBIA (VA);40311131;1;35000;0;;35000;0;35000;admin;NO
FAC-675;2026-07-01;;;CHAQUETAS CABALLERO COLUMBIA NACIONAL (XL);25228932;1;82000;0;Efectivo;82000;0;82000;admin;NO
FAC-674;2026-07-01;;;CONJUNTO CABALLERO ARGENTINA AAA LOCAL (L);4023323;1;70000;0;Efectivo;70000;0;70000;admin;NO
FAC-673;2026-07-01;;;CINTURON+BILLETERA CABALLERO CAJA VERSACE (UN);502620;1;60000;0;Transferencia o depósito;60000;0;60000;admin;NO
FAC-672;2026-07-02;;;JEANS CABALLERO JOGGER (32);1215614;1;70000;0;Efectivo;70000;0;70000;admin;NO
FAC-672;2026-07-02;;;DRILL CABALLERO JUVENIL (32);42215814;1;70000;0;;70000;0;70000;admin;NO
FAC-671;2026-07-01;;;CAMISETAS CABALLERO COLOMBIA AAA AMARILLA (L);1128823;1;60000;0;Efectivo;60000;0;60000;admin;NO
FAC-670;2026-07-01;;;PANTALONES UNISEX IMPERMEABLE (XXL);2314534;1;40000;0;Tarjeta de débito;40000;0;40000;admin;NO
FAC-669;2026-07-01;;;CAMISETAS DAMA COLOMBIA AAA AZUL OSCURO ENTREVISTA (L);11133323;1;65000;0;Efectivo;65000;0;65000;admin;NO
FAC-668;2026-07-02;;;CHAQUETAS CABALLERO CANGURO AIR (L);2526823;1;68000;0;Transferencia o depósito;68000;0;68000;admin;NO
FAC-667;2026-07-01;;;CAMISETAS DAMA CON BRILLANTES (L);1119123;1;28000;0;Transferencia o depósito;28000;0;28000;admin;NO
FAC-667;2026-07-01;;;BLUSAS DAMA LICRADA MANGA LARGA (UN);611710;1;25000;0;;25000;0;25000;admin;NO
FAC-666;2026-07-02;;;CAMISETAS CABALLERO POLO SEDA FRIA (XL);11221832;1;48000;0;Efectivo;48000;0;48000;admin;NO
FAC-665;2026-07-01;;;CHAQUETAS CABALLERO ABIERTA AIR (L);252723;1;72000;0;A convenir;72000;0;72000;admin;NO
FAC-664;2026-07-01;;;LEGGINS DAMA ALGODON (XL);4411632;1;34000;0;Transferencia o depósito;34000;0;34000;admin;NO
FAC-663;2026-07-02;;;CHAQUETAS UNISEX ROMPEVIENTOS NEGRA COLOMBIA (M);25333925;1;100000;0;Transferencia o depósito;100000;0;100000;admin;NO
FAC-663;2026-07-02;;;BUSOS UNISEX MUNDIAL 2026 (S);26319427;1;70000;0;;70000;0;70000;admin;NO
FAC-662;2026-07-02;;;BILLETERAS DAMA BILLETERA LOUIS VUITTON (UN);2313190;1;66000;0;Transferencia o depósito;66000;0;66000;admin;NO
FAC-662;2026-07-02;;;BILLETERAS DAMA BILLETERA KARL (UN);2313200;1;70000;0;;70000;0;70000;admin;NO
FAC-662;2026-07-02;;;PECHERAS CABALLERO DIFERENTES MARCAS (UN);1921180;1;48000;0;;48000;0;48000;admin;NO
FAC-662;2026-07-02;;;BILLETERAS CABALLERO MONT BLANC (UN);2321910;1;70000;0;;70000;0;70000;admin;NO
FAC-662;2026-07-02;;;CHAQUETAS CABALLERO CANGURO AIR (L);2526823;1;68000;0;;68000;0;68000;admin;NO
FAC-662;2026-07-02;;;CHAQUETAS UNISEX SELECCION COLOMBIA ENCAUCHETADA (L);25329023;1;140000;0;;140000;0;140000;admin;NO
FAC-661;2026-07-01;;;CHAQUETAS DAMA PAÑO OVEJERA (L);25120523;1;90000;0;Tarjeta de débito;90000;0;90000;admin;NO
FAC-661;2026-07-01;;;CHAQUETAS DAMA PAÑO OVEJERA (M);25120525;1;90000;0;;90000;0;90000;admin;NO
FAC-660;2026-07-07;;;CHAQUETAS UNISEX ROMPEVIENTOS ROJA COLOMBIA (S);25334027;1;100000;0;Efectivo;100000;0;100000;admin;NO
FAC-659;2026-07-01;;;CHAQUETAS CABALLERO JEAN OVEJERA (XL);25215432;1;110000;0;Transferencia o depósito;110000;0;110000;admin;NO
FAC-658;2026-07-01;;;CAMISETAS CABALLERO COLOMBIA AAA AZUL (L);11231023;1;70000;0;Transferencia o depósito;70000;0;70000;admin;NO
FAC-657;2026-07-01;;;BUSOS UNISEX ALGODON CUELLO REDONDO ESTAMPADO (M);2632125;1;44000;0;Tarjeta de débito;44000;0;44000;admin;NO
FAC-656;2026-07-07;;;CAMISETAS CABALLERO CUELLO REDONDO TIPO GALLETA (XL);11229132;1;42000;0;Efectivo;42000;0;42000;admin;NO
FAC-655;2026-07-01;;;CHAQUETAS CABALLERO CANGURO AIR (L);2526823;1;68000;0;Efectivo;68000;0;68000;admin;NO
FAC-654;2026-06-30;;;CORREAS CABALLERO FERREGAMO AAA (UN);2223270;1;48000;0;Transferencia o depósito;48000;0;48000;admin;NO
FAC-654;2026-06-30;;;CHAQUETAS CABALLERO JEAN OVEJERA (L);25215423;1;110000;0;;110000;0;110000;admin;NO
FAC-654;2026-06-30;;;CAMISETAS CABALLERO POLO SEDA FRIA (L);11221823;1;48000;0;;48000;0;48000;admin;NO
FAC-654;2026-06-30;;;JEANS CABALLERO CLASICO (30);127813;1;70000;0;;70000;0;70000;admin;NO
FAC-654;2026-06-30;;;CAMISAS CABALLERO JEAN (M);10215225;1;70000;0;;70000;0;70000;admin;NO
FAC-653;2026-07-02;;;CAMISETAS DAMA COLOMBIA AAA AMARILLA MANGA LARGA (S);11131227;1;60000;0;Transferencia o depósito;60000;0;60000;admin;NO
FAC-652;2026-07-02;;;CAMISETAS DAMA COLOMBIA AAA AMARILLA MANGA LARGA (S);11131227;1;60000;0;A convenir;60000;0;60000;admin;NO
FAC-651;2026-06-30;;;BUSOS UNISEX MUNDIAL 2026 (L);26319423;1;70000;0;Efectivo;70000;0;70000;admin;NO
FAC-651;2026-06-30;;;CAMISETAS CABALLERO COLOMBIA AAA AMARILLA (S);1128827;1;60000;0;;60000;0;60000;admin;NO
FAC-651;2026-06-30;;;CAMISETAS CABALLERO COLOMBIA AAA AMARILLA (L);1128823;1;60000;0;;60000;0;60000;admin;NO
FAC-651;2026-06-30;;;LEGGINS DAMA LICRA (XL);44116732;1;32000;0;;32000;0;32000;admin;NO
FAC-650;2026-07-07;;;CAMISETAS CABALLERO COLOMBIA 1.1 AMARILLA (L);1128723;1;70000;0;A convenir;70000;0;70000;admin;NO
FAC-649;2026-07-02;;;CAJAS REGALO UNISEX COLOMBIA (UN);213860;1;4000;0;Transferencia o depósito;4000;0;4000;admin;NO
FAC-649;2026-07-02;;;CAMISETAS CABALLERO COLOMBIA AAA AZUL (L);11231023;1;70000;0;;70000;0;70000;admin;NO
FAC-648;2026-06-30;;;JEANS DAMA OVERSIZE XIOMARA (6);112861;1;110000;0;Transferencia o depósito;110000;0;110000;admin;NO
FAC-648;2026-06-30;;;BERMUDAS DAMA RODILLA (10);512393;1;64000;0;;64000;0;64000;admin;NO
FAC-647;2026-06-30;;;CONJUNTO CABALLERO ESPAÑA AAA LOCAL (S);40212927;1;70000;0;Tarjeta de débito;70000;0;70000;admin;NO
FAC-646;2026-06-30;;;MEDIAS CABALLERO TOBILLERA GRUESA (UN);2422650;3;4000;0;A convenir;4000;0;4000;admin;NO
FAC-646;2026-06-30;;;CAMISETAS CABALLERO SEDA FRIA (XL);11224832;1;40000;0;;40000;0;40000;admin;NO
FAC-645;2026-06-30;;;BUSOS CABALLERO DEPORTIVO (L-XL);26211524;2;32000;0;Tarjeta de débito;32000;0;32000;admin;NO
FAC-645;2026-06-30;;;BERMUDAS CABALLERO CAMUFLADO (28);526612;1;76000;0;;76000;0;76000;admin;NO
FAC-645;2026-06-30;;;BUSOS CABALLERO CUELLO REDONDO (M);26210825;1;56000;0;;56000;0;56000;admin;NO
FAC-645;2026-06-30;;;SUDADERA CABALLERO ALGODON (L);4121623;1;88000;0;;88000;0;88000;admin;NO
FAC-645;2026-06-30;;;PANTALONES UNISEX ALGODON RESORTADO (M);2334525;1;32000;0;;32000;0;32000;admin;NO
FAC-645;2026-06-30;;;BUSOS UNISEX ALGODON CAPOTA ESTAMPADO (L);2631823;1;48000;0;;48000;0;48000;admin;NO
FAC-645;2026-06-30;;;CAMISETAS CABALLERO OVERSIZE (L);11220223;1;58000;0;;58000;0;58000;admin;NO
FAC-645;2026-06-30;;;CAMISETAS UNISEX SEDA FRÍA (L);11324923;1;70000;0;;70000;0;70000;admin;NO
FAC-644;2026-06-30;;;GORRAS UNISEX COLOMBIA (UN);1438630;1;56000;0;A convenir;56000;0;56000;admin;NO
FAC-644;2026-06-30;;;CHAQUETAS UNISEX SELECCION COLOMBIA ENCAUCHETADA (XL);25329032;1;140000;0;;140000;0;140000;admin;NO
FAC-643;2026-06-30;;;SPLASH DAMA - (UN);46100;1;17000;0;Efectivo;17000;0;17000;admin;NO
FAC-643;2026-06-30;;;SPLASH CABALLERO - (UN);46200;1;15000;0;;15000;0;15000;admin;NO
FAC-642;2026-06-30;;;CAMISETAS CABALLERO COLOMBIA AAA AZUL (L);11231023;1;70000;0;Efectivo;70000;0;70000;admin;NO
FAC-641;2026-06-30;;;CAMISETAS CABALLERO POLO RAYAS (M);11229725;1;42000;0;Tarjeta de débito;42000;0;42000;admin;NO
FAC-640;2026-06-30;;;CHAQUETAS DAMA OVEJERA CUERINA (L);25120023;1;104000;0;Transferencia o depósito;104000;0;104000;admin;NO
FAC-640;2026-06-30;;;CHAQUETAS DAMA YOGA LICRA (XL);25127732;1;40000;0;;40000;0;40000;admin;NO
FAC-639;2026-06-30;;;PANTALONETAS CABALLERO DEPORTIVAS (L-XL);35211424;1;44000;0;Efectivo;44000;0;44000;admin;NO
FAC-639;2026-06-30;;;PANTALONETAS UNISEX ECONOMICA (VA);35312431;1;22000;0;;22000;0;22000;admin;NO
FAC-638;2026-06-29;;;CHAQUETAS CABALLERO POLO SENCILLA (L);25221923;1;90000;0;Efectivo;90000;0;90000;admin;NO
FAC-637;2026-06-29;;;BUSOS UNISEX MUNDIAL 2026 (XXL);26319434;1;70000;0;Tarjeta de débito;70000;0;70000;admin;NO
FAC-637;2026-06-29;;;GORRAS UNISEX VARIOS (UN);14327530;1;32000;0;;32000;0;32000;admin;NO
FAC-637;2026-06-29;;;CAMISETAS NIÑO COLOMBIA AAA AMARILLA (18);114887;1;70000;0;;70000;0;70000;admin;NO
FAC-637;2026-06-29;;;CAMISETAS DAMA COLOMBIA AAA AZUL OSCURO ENTREVISTA (L);11133323;1;65000;0;;65000;0;65000;admin;NO
FAC-636;2026-06-29;;;GORRAS UNISEX VARIOS (UN);14327530;1;32000;0;Efectivo;32000;0;32000;admin;NO
FAC-636;2026-06-29;;;CAMISETAS CABALLERO COLOMBIA AAA AMARILLA (M);1128825;1;60000;0;;60000;0;60000;admin;NO
FAC-636;2026-06-29;;;CAMISETAS UNISEX COLOMBIA AAA POLO AZUL (S);11329627;1;60000;0;;60000;0;60000;admin;NO
FAC-636;2026-06-29;;;CAMISETAS CABALLERO COLOMBIA AAA AMARILLA (L);1128823;1;60000;0;;60000;0;60000;admin;NO
FAC-635;2026-06-29;;;TEJIDOS DAMA BOTONES (UN);715030;1;60000;0;Efectivo;60000;0;60000;admin;NO
FAC-635;2026-06-29;;;BUSOS DAMA CON BORDADOS (UN);2619030;1;66000;0;;66000;0;66000;admin;NO
FAC-634;2026-06-29;;;CAMISETAS DAMA COLOMBIA 1.1 AMARILLA (L);1118723;1;80000;0;Transferencia o depósito;80000;0;80000;admin;NO
FAC-633;2026-06-29;;;CAMISETAS CABALLERO COLOMBIA AAA AMARILLA (S);1128827;1;60000;0;Efectivo;60000;0;60000;admin;NO
FAC-633;2026-06-29;;;BUSOS UNISEX MUNDIAL 2026 (S);26319427;1;70000;0;;70000;0;70000;admin;NO
FAC-632;2026-06-29;;;PANTALONES UNISEX VIOTO (XXL);2327634;1;40000;0;Efectivo;40000;0;40000;admin;NO
FAC-632;2026-06-29;;;PANTALONES UNISEX IMPERMEABLE (XXL);2314534;1;40000;0;;40000;0;40000;admin;NO
FAC-631;2026-06-29;;;BLUSAS DAMA LICRADA MANGA LARGA (UN);611710;1;25000;0;Tarjeta de débito;25000;0;25000;admin;NO
FAC-630;2026-06-29;;;BUSOS DAMA CAPOTA LANA (UN);2617030;1;68000;0;Efectivo;68000;0;68000;admin;NO
FAC-630;2026-06-29;;;PANTALONES DAMA GAMUSA (XL);2113732;1;70000;0;;70000;0;70000;admin;NO
FAC-629;2026-06-29;;;BERMUDAS CABALLERO CAMUFLADO (32);526614;1;76000;0;Efectivo;76000;0;76000;admin;NO
FAC-629;2026-06-29;;;CAMISETAS CABALLERO POLO TIPO GALLETA (XL);11222032;1;50000;0;;50000;0;50000;admin;NO
FAC-628;2026-06-29;;;CABELLO-ACCESORIOS UNISEX DIADEMA MEDIANA (VA);29311731;1;12000;0;Tarjeta de débito;12000;0;12000;admin;NO
FAC-628;2026-06-29;;;ENCRESPADOR DAMA DOS COLORES (UN);5711200;1;15000;0;;15000;0;15000;admin;NO
FAC-627;2026-06-29;;;CANDONGAS UNISEX REDONDA 1 (VA);34323331;1;9000;0;Tarjeta de débito;9000;0;9000;admin;NO
FAC-627;2026-06-29;;;COLLAR UNISEX COLLAR 3 (VA);3038131;1;37000;0;;37000;0;37000;admin;NO
FAC-627;2026-06-29;;;SUDADERA DAMA ALGODON (M);4111625;1;87000;0;;87000;0;87000;admin;NO
FAC-626;2026-06-29;;;DRILL CABALLERO JUVENIL (34);42215815;2;70000;0;Tarjeta de débito;70000;0;70000;admin;NO
FAC-626;2026-06-29;;;CAMISETAS CABALLERO SEDA FRIA (L);11224823;2;40000;0;;40000;0;40000;admin;NO
FAC-625;2026-07-07;;;CHAQUETAS UNISEX ROMPEVIENTOS NEGRA COLOMBIA (M);25333925;1;100000;0;Efectivo;100000;0;100000;admin;NO
FAC-624;2026-07-07;;;GORRAS UNISEX COLOMBIA (UN);1438630;1;56000;0;Tarjeta de débito;56000;0;56000;admin;NO
FAC-624;2026-07-07;;;CABELLO-ACCESORIOS UNISEX DIADEMA DELGADA (VA);29311631;1;6000;0;;6000;0;6000;admin;NO
FAC-623;2026-06-27;;;CHAQUETAS DAMA ROMBOS (L);25124223;1;78000;0;Transferencia o depósito;78000;0;78000;admin;NO
FAC-622;2026-06-27;;;PANTALONES UNISEX ALGODON (XXL);231634;1;40000;0;Efectivo;40000;0;40000;admin;NO
FAC-621;2026-06-27;;;CAMISETAS UNISEX COLOMBIA AAA POLO AMARILLA (M);11331125;1;60000;0;Efectivo;60000;0;60000;admin;NO
FAC-620;2026-06-27;;;CAMISETAS DAMA COLOMBIA AAA AZUL OSCURO ENTREVISTA (XL);11133332;1;65000;0;Transferencia o depósito;65000;0;65000;admin;NO
FAC-619;2026-06-27;;;CAMISETAS CABALLERO COLOMBIA AAA AMARILLA (S);1128827;1;60000;0;Transferencia o depósito;60000;0;60000;admin;NO
FAC-618;2026-06-27;;;CONJUNTO UNISEX COLOMBIA AAA AZUL ENTRENAMIENTO (L);40333223;1;75000;0;Transferencia o depósito;75000;0;75000;admin;NO
FAC-617;2026-06-27;;;BUSOS UNISEX MUNDIAL 2026 (L);26319423;1;70000;0;Transferencia o depósito;70000;0;70000;admin;NO
FAC-616;2026-06-27;;;BILLETERAS CABALLERO CALVIN KLEIN (UN);232630;1;70000;0;Efectivo;70000;0;70000;admin;NO
FAC-616;2026-06-27;;;CONJUNTO CABALLERO BRASIL AAA (L);4025123;1;70000;0;;70000;0;70000;admin;NO
FAC-616;2026-06-27;;;CAMISETAS CABALLERO COLOMBIA 1.1 AMARILLA (L);1128723;1;70000;0;;70000;0;70000;admin;NO
FAC-616;2026-06-27;;;CONJUNTO UNISEX PORTUGAL AAA VISITANTE 2026 (M);40329425;1;70000;0;;70000;0;70000;admin;NO
FAC-615;2026-06-28;;;CROPTOP DAMA OVERSIZE DOS ESTAMPADOS (M);55120325;1;40000;0;Efectivo;40000;0;40000;admin;NO
FAC-615;2026-06-28;;;CAMISETAS CABALLERO COLOMBIA AAA AMARILLA (M);1128825;1;60000;0;;60000;0;60000;admin;NO
FAC-615;2026-06-28;;;CAMISETAS NIÑO COLOMBIA AAA AMARILLA (18);114887;1;70000;0;;70000;0;70000;admin;NO
FAC-614;2026-06-27;;;ESQUELETO DAMA ACANALADO LARGO (UN);3711030;1;32000;0;Efectivo;32000;0;32000;admin;NO
FAC-614;2026-06-27;;;CHAQUETAS DAMA GAMUSA (M);25113725;1;100000;0;;100000;0;100000;admin;NO
FAC-613;2026-06-28;;;SUDADERA CABALLERO ALGODON (XL);4121632;1;88000;0;Transferencia o depósito;88000;0;88000;admin;NO
FAC-612;2026-06-27;;;CONJUNTO UNISEX COLOMBIA AAA AZUL ENTRENAMIENTO (M);40333225;1;75000;0;Efectivo;75000;0;75000;admin;NO
FAC-611;2026-06-27;;;GORRAS UNISEX COLOMBIA (UN);1438630;1;56000;0;Efectivo;56000;0;56000;admin;NO
FAC-610;2026-06-27;;;CAMISETAS NIÑO COLOMBIA AAA AMARILLA (18);114887;1;70000;0;Efectivo;70000;0;70000;admin;NO
FAC-609;2026-06-28;;;JEANS CABALLERO BAGGI (34);123915;1;110000;0;Tarjeta de débito;110000;0;110000;admin;NO
FAC-609;2026-06-28;;;JEANS CABALLERO CLASICO (30);127813;1;70000;0;;70000;0;70000;admin;NO
FAC-609;2026-06-28;;;BUSOS CABALLERO MEDIA CREMALLERA COMBINADO (UN);26218530;1;80000;0;;80000;0;80000;admin;NO
FAC-608;2026-06-27;;;CAMISETAS DAMA COLOMBIA AAA AZUL OSCURO ENTREVISTA (M);11133325;1;65000;0;Tarjeta de débito;65000;0;65000;admin;NO
FAC-607;2026-06-28;;;CAMISETAS CABALLERO COLOMBIA AAA AMARILLA (XL);1128832;1;60000;0;Efectivo;60000;0;60000;admin;NO
FAC-607;2026-06-28;;;CAMISETAS CABALLERO COLOMBIA 1.1 AMARILLA (L);1128723;1;70000;0;;70000;0;70000;admin;NO
FAC-606;2026-06-27;;;BUSOS UNISEX ALGODON CAPOTA ESTAMPADO (XL);2631832;1;48000;0;Efectivo;48000;0;48000;admin;NO
FAC-606;2026-06-27;;;BUSOS UNISEX ALGODON CON CAPOTA ESTAMPADO CREMALLERA (XL);2631932;1;48000;0;;48000;0;48000;admin;NO
FAC-605;2026-06-28;;;CONJUNTO UNISEX COLOMBIA AAA AZUL ENTRENAMIENTO (L);40333223;1;75000;0;Tarjeta de crédito;75000;0;75000;admin;NO
FAC-604;2026-06-27;;;BUSOS DAMA CREMALLERA OVERSIZE (UN);26110430;1;72000;0;Tarjeta de débito;72000;0;72000;admin;NO
FAC-604;2026-06-27;;;BUSOS UNISEX ALGODON CUELLO REDONDO ESTAMPADO (S);2632127;1;44000;0;;44000;0;44000;admin;NO
FAC-604;2026-06-27;;;CAMISETAS UNISEX COLOMBIA AAA POLO AZUL (S);11329627;1;60000;0;;60000;0;60000;admin;NO
FAC-603;2026-06-28;;;CHAQUETAS CABALLERO CANGURO AIR (L);2526823;1;68000;0;Tarjeta de crédito;68000;0;68000;admin;NO
FAC-602;2026-06-28;;;CORREAS CABALLERO MONT BLANC (UN);2221910;1;70000;0;Tarjeta de crédito;70000;0;70000;admin;NO
FAC-602;2026-06-28;;;CHAQUETAS DAMA PAÑO (L);25128823;1;90000;0;;90000;0;90000;admin;NO
FAC-601;2026-06-27;;;CAMISETAS DAMA COLOMBIA 1.1 AMARILLA (L);1118723;1;80000;0;Efectivo;80000;0;80000;admin;NO
FAC-600;2026-06-27;;;BUSOS UNISEX MUNDIAL 2026 (L);26319423;1;70000;0;Efectivo;70000;0;70000;admin;NO
FAC-599;2026-06-27;;;CONJUNTO UNISEX DE COLOMBIA (VA);40311131;1;35000;0;Efectivo;35000;0;35000;admin;NO
FAC-598;2026-06-27;;;CAMISETAS CABALLERO ITALIA 90 (M);11215025;1;70000;0;Tarjeta de débito;70000;0;70000;admin;NO
FAC-597;2026-06-27;;;DRILL CABALLERO CAMUFLADO (32);4226614;1;90000;0;Transferencia o depósito;90000;0;90000;admin;NO
FAC-596;2026-06-28;;;CAMISETAS CABALLERO COLOMBIA 1.1 AMARILLA (M);1128725;1;70000;0;Transferencia o depósito;70000;0;70000;admin;NO
FAC-595;2026-06-28;;;CAMISETAS UNISEX COLOMBIA AAA POLO AMARILLA (L);11331123;1;60000;0;Transferencia o depósito;60000;0;60000;admin;NO
FAC-594;2026-06-27;;;CAMISETAS CABALLERO ITALIA 90 (L);11215023;1;70000;0;Transferencia o depósito;70000;0;70000;admin;NO
FAC-593;2026-06-28;;;CAMISETAS DAMA COLOMBIA AAA AZUL OSCURO ENTREVISTA (M);11133325;1;65000;0;Tarjeta de débito;65000;0;65000;admin;NO
FAC-592;2026-06-28;;;CONJUNTO UNISEX COLOMBIA AAA AZUL ENTRENAMIENTO (L);40333223;1;75000;0;Transferencia o depósito;75000;0;75000;admin;NO
FAC-591;2026-06-27;;;CAMISETAS CABALLERO COLOMBIA AAA AZUL (L);11231023;1;70000;0;Efectivo;70000;0;70000;admin;NO
FAC-590;2026-06-27;;;BUSOS UNISEX MUNDIAL 2026 (L);26319423;2;70000;0;Efectivo;70000;0;70000;admin;NO
FAC-589;2026-06-27;;;CAMISETAS NIÑO COLOMBIA AAA AMARILLA (18);114887;1;70000;0;Efectivo;70000;0;70000;admin;NO
FAC-588;2026-06-27;;;COLLAR UNISEX COLLAR 2 (VA);3038031;1;34000;0;Efectivo;34000;0;34000;admin;NO
FAC-588;2026-06-27;;;GORRAS UNISEX VARIOS (UN);14327530;1;32000;0;;32000;0;32000;admin;NO
FAC-588;2026-06-27;;;CAMISETAS UNISEX COLOMBIA AAA POLO AZUL (S);11329627;2;60000;0;;60000;0;60000;admin;NO
FAC-587;2026-06-27;;;GORRAS UNISEX VARIOS (UN);14327530;1;32000;0;Efectivo;32000;0;32000;admin;NO
FAC-586;2026-06-27;;;CAMISETAS CABALLERO ITALIA 90 (S);11215027;1;70000;0;Tarjeta de débito;70000;0;70000;admin;NO
FAC-585;2026-06-27;;;PULSERAS DAMA DE COLOMBIA (UN);3111110;2;5000;0;Tarjeta de débito;5000;0;5000;admin;NO
FAC-585;2026-06-27;;;COLLAR UNISEX COLLAR 4 (VA);3038231;1;29000;0;;29000;0;29000;admin;NO
FAC-585;2026-06-27;;;CAMISETAS CABALLERO COLOMBIA 1.1 AMARILLA (M);1128725;1;70000;0;;70000;0;70000;admin;NO
FAC-584;2026-06-27;;;CAMISETAS CABALLERO COLOMBIA 1.1 AMARILLA (M);1128725;1;70000;0;Tarjeta de crédito;70000;0;70000;admin;NO
FAC-583;2026-06-27;;;CHAQUETAS UNISEX ROMPEVIENTOS NEGRA COLOMBIA (XL);25333932;1;100000;0;Tarjeta de débito;100000;0;100000;admin;NO
FAC-582;2026-06-27;;;CONJUNTO UNISEX COLOMBIA 1.1 POLO AZUL (L);40329523;1;80000;0;Efectivo;80000;0;80000;admin;NO
FAC-581;2026-06-27;;;ESQUELETO DAMA ACANALADO CORTO (UN);371930;1;28000;0;Efectivo;28000;0;28000;admin;NO
FAC-581;2026-06-27;;;BUSOS UNISEX MUNDIAL 2026 (XXL);26319434;1;70000;0;;70000;0;70000;admin;NO
FAC-580;2026-06-28;;;BUSOS UNISEX MUNDIAL 2026 (XXL);26319434;1;70000;0;Tarjeta de débito;70000;0;70000;admin;NO
FAC-579;2026-06-27;;;CHAQUETAS UNISEX ROMPEVIENTOS NEGRA COLOMBIA (XXL);25333934;1;100000;0;Efectivo;100000;0;100000;admin;NO
FAC-579;2026-06-27;;;CAMISETAS DAMA COLOMBIA 1.1 AMARILLA (L);1118723;1;80000;0;;80000;0;80000;admin;NO
FAC-579;2026-06-27;;;CAMISETAS UNISEX COLOMBIA AAA POLO AZUL (S);11329627;1;60000;0;;60000;0;60000;admin;NO
FAC-579;2026-06-27;;;CONJUNTO NIÑO DE COLOMBIA (8);4041112;1;35000;0;;35000;0;35000;admin;NO
FAC-578;2026-06-28;;;CHAQUETAS UNISEX ROMPEVIENTOS AZUL CENTENARIO (S);25333827;1;100000;0;Transferencia o depósito;100000;0;100000;admin;NO
FAC-578;2026-06-28;;;CAMISETAS CABALLERO COLOMBIA AAA AMARILLA (S);1128827;1;60000;0;;60000;0;60000;admin;NO
FAC-577;2026-06-28;;;CHAQUETAS UNISEX ROMPEVIENTOS NEGRA COLOMBIA (M);25333925;1;100000;0;Tarjeta de débito;100000;0;100000;admin;NO
FAC-577;2026-06-28;;;PANTALONES UNISEX IMPERMEABLE BORDADO EQUIPOS (L);2332823;2;46000;0;;46000;0;46000;admin;NO
FAC-576;2026-06-28;;;BATAS TEJIDO DAMA - (UN);521030;1;46000;0;Tarjeta de crédito;46000;0;46000;admin;NO
FAC-576;2026-06-28;;;CONJUNTO UNISEX COLOMBIA AAA AZUL ENTRENAMIENTO (M);40333225;1;75000;0;;75000;0;75000;admin;NO
FAC-575;2026-06-28;;;BUSOS UNISEX MUNDIAL 2026 (S);26319427;1;70000;0;Tarjeta de débito;70000;0;70000;admin;NO
FAC-574;2026-06-27;;;BUSOS UNISEX MUNDIAL 2026 (XXL);26319434;1;70000;0;Transferencia o depósito;70000;0;70000;admin;NO
FAC-573;2026-06-27;;;CAMISETAS CABALLERO COLOMBIA 1.1 AMARILLA (S);1128727;1;70000;0;Transferencia o depósito;70000;0;70000;admin;NO
FAC-572;2026-07-06;;;BUSOS DAMA CAPOTA LANA (UN);2617030;1;68000;0;Efectivo;68000;0;68000;admin;NO
FAC-571;2026-06-27;;;BUSOS UNISEX MUNDIAL 2026 (S);26319427;1;70000;0;Tarjeta de débito;70000;0;70000;admin;NO
FAC-570;2026-06-28;;;GORRAS UNISEX VARIOS (UN);14327530;1;32000;0;Transferencia o depósito;32000;0;32000;admin;NO
FAC-570;2026-06-28;;;CAMISETAS UNISEX COLOMBIA AAA POLO AZUL (M);11329625;1;65000;0;;65000;0;65000;admin;NO
FAC-569;2026-06-27;;;SUDADERA CABALLERO ALGODON (M);4121625;1;88000;0;Efectivo;88000;0;88000;admin;NO
FAC-569;2026-06-27;;;SUDADERA CABALLERO ALGODON (XL);4121632;1;88000;0;;88000;0;88000;admin;NO
FAC-568;2026-06-27;;;CAMISETAS CABALLERO COLOMBIA 1.1 AMARILLA (S);1128727;1;70000;0;Tarjeta de débito;70000;0;70000;admin;NO
FAC-568;2026-06-27;;;CAMISETAS CABALLERO COLOMBIA AAA AMARILLA (L);1128823;1;60000;0;;60000;0;60000;admin;NO
FAC-567;2026-07-06;;;CONJUNTO CABALLERO INGLATERRA AAA LOCAL (L);40214723;1;70000;0;Tarjeta de débito;70000;0;70000;admin;NO
FAC-566;2026-06-27;;;CAMISETAS CABALLERO COLOMBIA AAA AMARILLA (L);1128823;1;60000;0;Tarjeta de débito;60000;0;60000;admin;NO
FAC-565;2026-06-27;;;CAMISETAS CABALLERO COLOMBIA 1.1 AMARILLA (L);1128723;1;70000;0;Transferencia o depósito;70000;0;70000;admin;NO
FAC-564;2026-06-27;;;CHAQUETAS UNISEX ROMPEVIENTOS AZUL COLOMBIA (L);25334423;1;100000;0;Tarjeta de crédito;100000;0;100000;admin;NO
FAC-563;2026-06-27;;;CONJUNTO UNISEX COLOMBIA AAA AZUL ENTRENAMIENTO (M);40333225;1;75000;0;Tarjeta de crédito;75000;0;75000;admin;NO
FAC-562;2026-06-27;;;CAMISETAS CABALLERO COLOMBIA 1.1 AMARILLA (S);1128727;1;70000;0;Tarjeta de débito;70000;0;70000;admin;NO
FAC-561;2026-07-06;;;CHAQUETAS DAMA COLUMBIA POLIESTER (M);25134625;1;78000;0;Efectivo;78000;0;78000;admin;NO
FAC-560;2026-06-27;;;CAIMAN DAMA CAIMAN BRILLO (UN);591580;1;3000;0;Tarjeta de débito;3000;0;3000;admin;NO
FAC-560;2026-06-27;;;ARETES UNISEX ZARCILLO 4 (VA);33328131;1;14000;0;;14000;0;14000;admin;NO
FAC-559;2026-06-27;;;CAMISETAS CABALLERO COLOMBIA AAA AZUL (L);11231023;1;70000;0;Tarjeta de débito;70000;0;70000;admin;NO
FAC-558;2026-06-27;;;GORRAS UNISEX COLOMBIA (UN);1438630;1;56000;0;Tarjeta de débito;56000;0;56000;admin;NO
FAC-558;2026-06-27;;;BUSOS UNISEX MUNDIAL 2026 (L);26319423;1;70000;0;;70000;0;70000;admin;NO
FAC-557;2026-06-27;;;CAMISETAS CABALLERO COLOMBIA AAA AZUL (L);11231023;1;70000;0;Tarjeta de débito;70000;0;70000;admin;NO
FAC-556;2026-06-27;;;CAMISETAS CABALLERO COLOMBIA AAA AZUL (L);11231023;1;70000;0;Tarjeta de débito;70000;0;70000;admin;NO
FAC-556;2026-06-27;;;BUSOS UNISEX MUNDIAL 2026 (XXL);26319434;1;70000;0;;70000;0;70000;admin;NO
FAC-555;2026-07-06;;;CAMISETAS DAMA COLOMBIA AAA AZUL OSCURO ENTREVISTA (M);11133325;1;65000;0;Efectivo;65000;0;65000;admin;NO
FAC-554;2026-07-06;;;BUSOS UNISEX MUNDIAL 2026 (M);26319425;1;70000;0;Tarjeta de crédito;70000;0;70000;admin;NO
FAC-554;2026-07-06;;;CAMISETAS CABALLERO ATLETICO NACIONAL AAA 2026 (M);1123825;1;75000;0;;75000;0;75000;admin;NO
FAC-553;2026-06-27;;;JEANS CABALLERO CLASICO (32);127814;1;70000;0;Efectivo;70000;0;70000;admin;NO
FAC-552;2026-07-06;;;LICRAS DAMA ENTERIZO DEPORTIVO (UN);3112630;1;90000;0;Transferencia o depósito;90000;0;90000;admin;NO
FAC-551;2026-07-06;;;CHAQUETAS UNISEX ROMPEVIENTOS ROJA COLOMBIA (M);25334025;1;100000;0;A convenir;100000;0;100000;admin;NO
FAC-551;2026-07-06;;;BUSOS UNISEX MUNDIAL 2026 (L);26319423;1;70000;0;;70000;0;70000;admin;NO
FAC-550;2026-06-27;;;CHAQUETAS CABALLERO CANGURO AIR (L);2526823;1;68000;0;Efectivo;68000;0;68000;admin;NO
FAC-549;2026-06-27;;;CAMISETAS CABALLERO COLOMBIA AAA AZUL (L);11231023;1;70000;0;Efectivo;70000;0;70000;admin;NO
FAC-548;2026-07-06;;;BUSOS CABALLERO DEPORTIVO (SM);26211529;1;32000;0;Efectivo;32000;0;32000;admin;NO
FAC-547;2026-07-06;;;CAMISETAS UNISEX COLOMBIA AAA POLO AZUL (M);11329625;1;65000;0;Tarjeta de crédito;65000;0;65000;admin;NO
FAC-547;2026-07-06;;;CAMISETAS DAMA COLOMBIA AAA AMARILLA MANGA LARGA (S);11131227;1;60000;0;;60000;0;60000;admin;NO
FAC-547;2026-07-06;;;CINTURON+BILLETERA CABALLERO CAJA GUCCI (UN);502600;1;76000;0;;76000;0;76000;admin;NO
FAC-547;2026-07-06;;;CORREAS CABALLERO CALVIN KLEIN (UN);222630;1;70000;0;;70000;0;70000;admin;NO
FAC-546;2026-07-06;;;CAMISETAS NIÑO COLOMBIA AAA AMARILLA (18);114887;1;70000;0;Transferencia o depósito;70000;0;70000;admin;NO
FAC-545;2026-07-06;;;CONJUNTO NIÑO DE COLOMBIA (16);4041116;1;35000;0;Efectivo;35000;0;35000;admin;NO
FAC-544;2026-07-06;;;CHAQUETAS DAMA GAMUZA CAUCHO (XL);25134232;1;84000;0;Efectivo;84000;0;84000;admin;NO
FAC-543;2026-07-06;;;MEDIAS DAMA TALONERA TOBILLERA (VA);24125631;2;3000;0;Transferencia o depósito;3000;0;3000;admin;NO
FAC-543;2026-07-06;;;MEDIAS DAMA TALONERA HOLALA (VA);24125531;2;4000;0;;4000;0;4000;admin;NO
FAC-543;2026-07-06;;;BUSOS UNISEX ALGODON CAPOTA ESTAMPADO (S);2631827;1;48000;0;;48000;0;48000;admin;NO
FAC-542;2026-06-26;;;BUSOS UNISEX ALGODON CAPOTA ESTAMPADO (M);2631825;1;48000;0;A convenir;48000;0;48000;admin;NO
FAC-542;2026-06-26;;;JEANS DAMA BAGGI (14);11395;2;110000;0;;110000;0;110000;admin;NO
FAC-542;2026-06-26;;;BUSOS UNISEX ALGODON CUELLO REDONDO ESTAMPADO (M);2632125;1;44000;0;;44000;0;44000;admin;NO
FAC-542;2026-06-26;;;PANTALONES UNISEX ALGODON (XL);231632;1;32000;0;;32000;0;32000;admin;NO
FAC-541;2026-07-06;;;BRILLO DAMA CUTE RABBIT (UN);4711100;1;12000;0;Efectivo;12000;0;12000;admin;NO
FAC-541;2026-07-06;;;CANILLERAS NIÑO CAMPEON (VA);2746531;1;12000;0;;12000;0;12000;admin;NO
FAC-541;2026-07-06;;;MEDIAS UNISEX FINA MEDIA (VA);24313531;1;16000;0;;16000;0;16000;admin;NO
FAC-540;2026-06-26;;;VESTIDOS DAMA DE TIRAS (UN);8111230;1;70000;0;A convenir;70000;0;70000;admin;NO
FAC-540;2026-06-26;;;CAMISETAS CABALLERO COLOMBIA 1.1 BLANCA ENTRENAMIENTO (S);11231327;1;76000;0;;76000;0;76000;admin;NO
FAC-539;2026-06-26;;;COLLAR UNISEX COLLAR 4 (VA);3038231;1;29000;0;Efectivo;29000;0;29000;admin;NO
FAC-539;2026-06-26;;;CAMISETAS CABALLERO COLOMBIA AAA AZUL (L);11231023;1;70000;0;;70000;0;70000;admin;NO
FAC-538;2026-06-26;;;CAMISETAS CABALLERO COLOMBIA 1.1 BLANCA ENTRENAMIENTO (S);11231327;1;76000;0;Efectivo;76000;0;76000;admin;NO
FAC-537;2026-06-26;;;JEANS CABALLERO BAGGI (32);123914;1;110000;0;Tarjeta de crédito;110000;0;110000;admin;NO
FAC-536;2026-06-26;;;SUDADERA CABALLERO ALGODON (M);4121625;1;88000;0;Efectivo;88000;0;88000;admin;NO
FAC-535;2026-06-26;;;CAMISETAS CABALLERO POLO RAYAS (XL);11229732;1;42000;0;Efectivo;42000;0;42000;admin;NO
FAC-534;2026-06-26;;;BUSOS UNISEX MUNDIAL 2026 (L);26319423;1;70000;0;Transferencia o depósito;70000;0;70000;admin;NO
FAC-533;2026-06-26;;;PANTALONES UNISEX ALGODON (XXL);231634;1;40000;0;A convenir;40000;0;40000;admin;NO
FAC-533;2026-06-26;;;CHAQUETAS CABALLERO POLO SENCILLA (M);25221925;1;90000;0;;90000;0;90000;admin;NO
FAC-533;2026-06-26;;;CAMISETAS CABALLERO ATLETICO NACIONAL AAA 2026 (L);1123823;1;75000;0;;75000;0;75000;admin;NO
FAC-532;2026-06-26;;;CHAQUETAS CABALLERO CANGURO AIR (XL );2526833;1;68000;0;Transferencia o depósito;68000;0;68000;admin;NO
FAC-531;2026-06-26;;;CAMISETAS CABALLERO COLOMBIA 1.1 AMARILLA (L);1128723;1;70000;0;Transferencia o depósito;70000;0;70000;admin;NO
FAC-530;2026-06-26;;;CHAQUETAS UNISEX ROMPEVIENTOS AZUL COLOMBIA (XL);25334432;1;100000;0;Efectivo;100000;0;100000;admin;NO
FAC-530;2026-06-26;;;CAMISETAS CABALLERO COLOMBIA AAA AZUL (L);11231023;1;70000;0;;70000;0;70000;admin;NO
FAC-529;2026-06-26;;;CAMISETAS CABALLERO ITALIA 90 (XL);11215032;1;70000;0;Tarjeta de débito;70000;0;70000;admin;NO
FAC-529;2026-06-26;;;CAMISETAS CABALLERO COLOMBIA 1.1 AMARILLA (L);1128723;4;70000;0;;70000;0;70000;admin;NO
FAC-529;2026-06-26;;;CAMISETAS CABALLERO COLOMBIA AAA AZUL (L);11231023;1;70000;0;;70000;0;70000;admin;NO
FAC-529;2026-06-26;;;JEANS DAMA OVERSIZE MACHI (14);112875;1;110000;0;;110000;0;110000;admin;NO
FAC-528;2026-07-06;;;CONJUNTO CABALLERO BRASIL AAA (XXL);4025134;1;70000;0;Transferencia o depósito;70000;0;70000;admin;NO
FAC-528;2026-07-06;;;BLUSAS DAMA LICRADA CORTA SIZA (UN);613070;1;25000;0;;25000;0;25000;admin;NO
FAC-527;2026-06-26;;;CAMISETAS CABALLERO POLO TIPO GALLETA (M);11222025;1;50000;0;A convenir;50000;0;50000;admin;NO
FAC-526;2026-07-06;;;CAMISETAS NIÑO COLOMBIA AAA AMARILLA (18);114887;1;70000;0;Efectivo;70000;0;70000;admin;NO
FAC-525;2026-07-06;;;CAIMAN DAMA FLORES PELUCHE Y DEMAS (UN);5911360;1;6000;0;Efectivo;6000;0;6000;admin;NO
FAC-525;2026-07-06;;;CHAQUETAS CABALLERO JEAN OVEJERA (L);25215423;1;110000;0;;110000;0;110000;admin;NO
FAC-524;2026-07-06;;;CAMISETAS DAMA COLOMBIA 1.1 AMARILLA (L);1118723;1;80000;0;Tarjeta de débito;80000;0;80000;admin;NO
FAC-524;2026-07-06;;;CAMISETAS DAMA COLOMBIA 1.1 AMARILLA (M);1118725;1;70000;0;;70000;0;70000;admin;NO
FAC-523;2026-07-06;;;GORRAS UNISEX COLOMBIA;;1;60000;0;Tarjeta de débito;60000;0;60000;admin;NO
FAC-523;2026-07-06;;;CAMISETAS CABALLERO CUELLO REDONDO TIPO GALLETA (L);11229123;1;42000;0;;42000;0;42000;admin;NO
FAC-522;2026-07-06;;;CHAQUETAS CABALLERO POLO (UN);25221630;1;68000;0;Efectivo;68000;0;68000;admin;NO
FAC-521;2026-07-05;;;CAMISETAS CABALLERO ITALIA 90 (L);11215023;1;70000;0;Transferencia o depósito;70000;0;70000;admin;NO
FAC-520;2026-07-05;;;CAMISETAS CABALLERO POLO TIPO GALLETA (L);11222023;1;50000;0;Efectivo;50000;0;50000;admin;NO
FAC-519;2026-07-05;;;BUSOS UNISEX MUNDIAL 2026 (XXL);26319434;1;70000;0;Efectivo;70000;0;70000;admin;NO
FAC-518;2026-07-05;;;PULSERAS UNISEX PULSERA 2 (VA);31322531;1;24000;0;Transferencia o depósito;24000;0;24000;admin;NO
FAC-518;2026-07-05;;;CHAQUETAS CABALLERO CANGURO AIR (XL );2526833;1;68000;0;;68000;0;68000;admin;NO
FAC-517;2026-07-05;;;CAMISETAS CABALLERO SEDA FRIA (XL);11224832;1;40000;0;Efectivo;40000;0;40000;admin;NO
FAC-516;2026-07-05;;;SUDADERA UNISEX OVERSIZE (UN);41320230;1;66000;0;Efectivo;66000;0;66000;admin;NO
FAC-516;2026-07-05;;;CAMISETAS CABALLERO POLO SEDA FRIA (S);11221827;1;48000;0;;48000;0;48000;admin;NO
FAC-516;2026-07-05;;;BUSOS DAMA CREMALLERA OVERSIZE (UN);26110430;1;72000;0;;72000;0;72000;admin;NO
FAC-516;2026-07-05;;;CAMISETAS CABALLERO COLOMBIA 1.1 AMARILLA (L);1128723;1;70000;0;;70000;0;70000;admin;NO
FAC-515;2026-07-05;;;CANDONGAS UNISEX REDONDA 1 (VA);34323331;1;10000;0;Transferencia o depósito;10000;0;10000;admin;NO
FAC-515;2026-07-05;;;BLUSAS DAMA ELEGANTE (UN);6112530;1;54000;0;;54000;0;54000;admin;NO
FAC-514;2026-06-26;;;CHAQUETAS UNISEX ROMPEVIENTOS NEGRA COLOMBIA (L);25333923;1;100000;0;Transferencia o depósito;100000;0;100000;admin;NO
FAC-514;2026-06-26;;;CONJUNTO UNISEX COLOMBIA 1.1 POLO AZUL (L);40329523;1;80000;0;;80000;0;80000;admin;NO
FAC-514;2026-06-26;;;CONJUNTO UNISEX COLOMBIA 1.1 POLO AZUL (XL);40329532;2;80000;0;;80000;0;80000;admin;NO
FAC-513;2026-06-26;;;CAMISETAS UNISEX COLOMBIA AAA POLO AMARILLA (L);11331123;1;60000;0;Efectivo;60000;0;60000;admin;NO
FAC-512;2026-06-26;;;BUSOS CABALLERO DEPORTIVO (SM);26211529;1;32000;0;Efectivo;32000;0;32000;admin;NO
FAC-511;2026-06-26;;;GORRAS UNISEX VARIOS (UN);14327530;1;32000;0;Transferencia o depósito;32000;0;32000;admin;NO
FAC-511;2026-06-26;;;CONJUNTO UNISEX PORTUGAL AAA VISITANTE 2026 (M);40329425;2;70000;0;;70000;0;70000;admin;NO
FAC-510;2026-06-26;;;CAMISETAS DAMA COLOMBIA 1.1 AMARILLA (L);1118723;1;80000;0;Efectivo;80000;0;80000;admin;NO
FAC-509;2026-06-26;;;CAMISETAS CABALLERO COLOMBIA 1.1 BLANCA ENTRENAMIENTO (S);11231327;1;76000;0;Efectivo;76000;0;76000;admin;NO
FAC-508;2026-06-26;;;ANILLOS UNISEX ANILLO 1 (VA);2832531;1;21000;0;Efectivo;21000;0;21000;admin;NO
FAC-507;2026-07-05;;;CONJUNTO CABALLERO INGLATERRA AAA LOCAL;;1;60000;0;Efectivo;60000;0;60000;admin;NO
FAC-506;2026-06-26;;;CAMISETAS CABALLERO COLOMBIA 1.1 AMARILLA (L);1128723;1;70000;0;Efectivo;70000;0;70000;admin;NO
FAC-505;2026-06-26;;;BUSOS UNISEX CON CAPOTA ESTAMPADO CREMALLERA (S);2639327;1;48000;0;A convenir;48000;0;48000;admin;NO
FAC-504;2026-06-26;;;CAMISETAS CABALLERO COLOMBIA 1.1 AMARILLA (L);1128723;1;70000;0;Transferencia o depósito;70000;0;70000;admin;NO
FAC-503;2026-06-26;;;BUSOS UNISEX MUNDIAL 2026 (XL);26319432;2;70000;0;Transferencia o depósito;70000;0;70000;admin;NO
FAC-502;2026-06-26;;;CONJUNTO UNISEX COLOMBIA 1.1 POLO AZUL (XL);40329532;1;80000;0;Tarjeta de débito;80000;0;80000;admin;NO
FAC-501;2026-07-05;;;BUSOS CABALLERO MEDIA CREMALLERA COMBINADO (UN);26218530;1;80000;0;Tarjeta de débito;80000;0;80000;admin;NO
FAC-500;2026-07-05;;;CAMISETAS CABALLERO COLOMBIA 1.1 AMARILLA (L);1128723;1;70000;0;Tarjeta de débito;70000;0;70000;admin;NO
FAC-499;2026-07-05;;;SACO DAMA CORAZON LOVE (UN);3919730;1;60000;0;Tarjeta de débito;60000;0;60000;admin;NO
FAC-499;2026-07-05;;;JEANS DAMA OVERSIZE MACHI (8);112872;1;110000;0;;110000;0;110000;admin;NO
FAC-498;2026-07-05;;;CHAQUETAS UNISEX ROMPEVIENTOS NEGRA COLOMBIA (S);25333927;1;100000;0;Tarjeta de débito;100000;0;100000;admin;NO
FAC-497;2026-07-05;;;BUSOS UNISEX ALGODON CAPOTA ESTAMPADO (M);2631825;1;48000;0;Efectivo;48000;0;48000;admin;NO
FAC-496;2026-07-05;;;CAIMAN DAMA BRONCE CAIMAN (UN);591550;1;6000;0;Transferencia o depósito;6000;0;6000;admin;NO
FAC-496;2026-07-05;;;SPLASH CABALLERO PULSERA COMBO (VA);46223031;1;25000;0;;25000;0;25000;admin;NO
FAC-496;2026-07-05;;;CHAQUETAS UNISEX ROMPEVIENTOS NEGRA COLOMBIA (L);25333923;1;100000;0;;100000;0;100000;admin;NO
FAC-496;2026-07-05;;;PULSERAS UNISEX PULSERA 1 (VA);31322431;1;20000;0;;20000;0;20000;admin;NO
FAC-496;2026-07-05;;;BUSOS UNISEX ALGODON CON CAPOTA ESTAMPADO CREMALLERA (L);2631923;1;48000;0;;48000;0;48000;admin;NO
FAC-495;2026-07-05;;;CONJUNTO CABALLERO ALEMANIA AAA LOCAL (L);4021523;1;70000;0;Efectivo;70000;0;70000;admin;NO
FAC-494;2026-07-05;;;CAMISETAS UNISEX ARGENTINA 1.1 LOCAL 2026 (M);11333525;1;110000;0;Tarjeta de crédito;110000;0;110000;admin;NO
FAC-493;2026-07-05;;;CONJUNTO CABALLERO ARGENTINA AAA LOCAL (S);4023327;1;70000;0;Transferencia o depósito;70000;0;70000;admin;NO
FAC-492;2026-07-05;;;TOPOS UNISEX TOPOS DE SEGURIDAD 1 (VA);32326731;1;10000;0;Transferencia o depósito;10000;0;10000;admin;NO
FAC-492;2026-07-05;;;SACO DAMA CORAZON LOVE (UN);3919730;1;60000;0;;60000;0;60000;admin;NO
FAC-491;2026-07-05;;;GORRAS UNISEX VARIOS (UN);14327530;1;32000;0;Efectivo;32000;0;32000;admin;NO
FAC-490;2026-07-05;;;GORRAS UNISEX VARIOS (UN);14327530;1;32000;0;Efectivo;32000;0;32000;admin;NO
FAC-489;2026-07-05;;;BUSOS UNISEX ALGODON CAPOTA ESTAMPADO (M);2631825;1;48000;0;Transferencia o depósito;48000;0;48000;admin;NO
FAC-488;2026-06-26;;;JEANS DAMA 1 BOTON (6);1111;1;64000;0;Tarjeta de débito;64000;0;64000;admin;NO
FAC-488;2026-06-26;;;COLLAR UNISEX COLLAR 4 (VA);3038231;1;29000;0;;29000;0;29000;admin;NO
FAC-488;2026-06-26;;;COLLAR UNISEX COLLAR 1 (VA);3037931;1;32000;0;;32000;0;32000;admin;NO
FAC-488;2026-06-26;;;BUSOS DAMA CAPOTA LANA (UN);2617030;1;66000;0;;66000;0;66000;admin;NO
FAC-488;2026-06-26;;;CHAQUETAS UNISEX ROMPEVIENTOS AZUL COLOMBIA (S);25334427;1;100000;0;;100000;0;100000;admin;NO
FAC-488;2026-06-26;;;CHAQUETAS UNISEX ROMPEVIENTOS NEGRA COLOMBIA (S);25333927;1;100000;0;;100000;0;100000;admin;NO
FAC-487;2026-06-26;;;CHAQUETAS UNISEX ROMPEVIENTOS AZUL COLOMBIA (M);25334425;1;100000;0;Tarjeta de débito;100000;0;100000;admin;NO
FAC-487;2026-06-26;;;CONJUNTO UNISEX COLOMBIA 1.1 POLO AZUL (XXL);40329534;1;80000;0;;80000;0;80000;admin;NO
FAC-486;2026-06-26;;;CAMISETAS CABALLERO COLOMBIA 1.1 AMARILLA (L);1128723;2;70000;0;Efectivo;70000;0;70000;admin;NO
FAC-485;2026-06-26;;;JEANS CABALLERO BAGGI (30);123913;1;110000;0;Tarjeta de crédito;110000;0;110000;admin;NO
FAC-485;2026-06-26;;;JEANS DAMA BAGGI (10);11393;1;110000;0;;110000;0;110000;admin;NO
FAC-485;2026-06-26;;;PANTALONES UNISEX ALGODON (L);231623;1;32000;0;;32000;0;32000;admin;NO
FAC-485;2026-06-26;;;LEGGINS DAMA ALGODON (XL);4411632;1;34000;0;;34000;0;34000;admin;NO
FAC-485;2026-06-26;;;CAMISETAS CABALLERO SEDA FRIA (M);11224825;1;40000;0;;40000;0;40000;admin;NO
FAC-485;2026-06-26;;;CROPTOP DAMA OVERSIZE DOS ESTAMPADOS (M);55120325;2;40000;0;;40000;0;40000;admin;NO
FAC-484;2026-06-26;;;CAMISETAS CABALLERO COLOMBIA AAA AZUL (L);11231023;1;70000;0;Tarjeta de débito;70000;0;70000;admin;NO
FAC-483;2026-06-26;;;CAMISETAS CABALLERO COLOMBIA 1.1 AMARILLA (L);1128723;1;70000;0;Transferencia o depósito;70000;0;70000;admin;NO
FAC-483;2026-06-26;;;CAMISETAS NIÑO COLOMBIA AAA AMARILLA (18);114887;1;70000;0;;70000;0;70000;admin;NO
FAC-482;2026-06-26;;;JEANS DAMA BAGGI (10);11393;1;110000;0;Tarjeta de débito;110000;0;110000;admin;NO
FAC-481;2026-07-05;;;CAMISETAS CABALLERO POLO TOMMY (M);11229825;1;50000;0;Tarjeta de débito;50000;0;50000;admin;NO
FAC-481;2026-07-05;;;GORRAS UNISEX VARIOS (UN);14327530;1;32000;0;;32000;0;32000;admin;NO
FAC-480;2026-07-05;;;CAMISETAS NIÑO COLOMBIA AAA AMARILLA (20);114888;1;70000;0;Tarjeta de débito;70000;0;70000;admin;NO
FAC-480;2026-07-05;;;MEDIAS UNISEX FINA MEDIA (VA);24313531;1;16000;0;;16000;0;16000;admin;NO
FAC-480;2026-07-05;;;CANILLERAS NIÑO CAMPEON (VA);2746531;1;12000;0;;12000;0;12000;admin;NO
FAC-479;2026-07-05;;;JEANS CABALLERO BAGGI (34);123915;1;110000;0;Efectivo;110000;0;110000;admin;NO
FAC-479;2026-07-05;;;CHAQUETAS CABALLERO ABIERTA AIR (XL);252732;1;72000;0;;72000;0;72000;admin;NO
FAC-479;2026-07-05;;;CHAQUETAS CABALLERO POLO (UN);25221630;1;68000;0;;68000;0;68000;admin;NO
FAC-477;2026-07-05;;;BERMUDAS CABALLERO CAMUFLADO (34);526615;1;76000;0;Efectivo;76000;0;76000;admin;NO
FAC-476;2026-07-05;;;CAMISETAS NIÑO COLOMBIA AAA AMARILLA (18);114887;1;70000;0;Efectivo;70000;0;70000;admin;NO
FAC-475;2026-06-25;;;SUDADERA CABALLERO ALGODON (XL);4121632;1;88000;0;Transferencia o depósito;88000;0;88000;admin;NO
FAC-474;2026-06-25;;;CAMISETAS DAMA ACANALADA (UN);111830;1;28000;0;Efectivo;28000;0;28000;admin;NO
FAC-473;2026-06-25;;;ANILLOS UNISEX ANILLO 4 (VA);2832831;1;16000;0;Tarjeta de débito;16000;0;16000;admin;NO
FAC-473;2026-06-25;;;MEDIAS DAMA TALONERA TOBILLERA (VA);24125631;4;3000;0;;3000;0;3000;admin;NO
FAC-473;2026-06-25;;;CANGUROS UNISEX ADIDAS (UN);203130;2;40000;0;;40000;0;40000;admin;NO
FAC-472;2026-06-25;;;CAMISETAS NIÑO COLOMBIA AAA AMARILLA (20);114888;1;70000;0;Tarjeta de débito;70000;0;70000;admin;NO
FAC-472;2026-06-25;;;PANTALONES DAMA ROMA (XL);2124032;1;88000;0;;88000;0;88000;admin;NO
FAC-471;2026-06-25;;;SUDADERA CABALLERO ALGODON (XL);4121632;1;88000;0;Transferencia o depósito;88000;0;88000;admin;NO
FAC-470;2026-06-25;;;CONJUNTO UNISEX PORTUGAL AAA VISITANTE 2026 (L);40329423;1;70000;0;Efectivo;70000;0;70000;admin;NO
FAC-469;2026-06-25;;;SERVICIO DE ESTAMPADO;;1;20000;0;Transferencia o depósito;20000;0;20000;admin;NO
FAC-468;2026-06-25;;;CAMISETAS NIÑO COLOMBIA AAA AMARILLA (22);114889;1;70000;0;Efectivo;70000;0;70000;admin;NO
FAC-467;2026-07-04;;;JEANS DAMA 1 BOTON (10);1113;1;64000;0;Tarjeta de débito;64000;0;64000;admin;NO
FAC-467;2026-07-04;;;PANTALONES UNISEX ALGODON (L);231623;1;32000;0;;32000;0;32000;admin;NO
FAC-467;2026-07-04;;;PANTALONES UNISEX ALGODON (XL);231632;1;32000;0;;32000;0;32000;admin;NO
FAC-466;2026-06-25;;;CAMISETAS CABALLERO COLOMBIA AAA AMARILLA (XL);1128832;1;60000;0;A convenir;60000;0;60000;admin;NO
FAC-465;2026-06-25;;;CAMISETAS DAMA POLO (S);11121627;1;42000;0;Transferencia o depósito;42000;0;42000;admin;NO
FAC-465;2026-06-25;;;CAMISETAS DAMA CON BRILLANTES (L);1119123;1;28000;0;;28000;0;28000;admin;NO
FAC-464;2026-06-25;;;MOÑOS DAMA MOÑOS COLOMBIA (UN);5611930;1;7000;0;Efectivo;7000;0;7000;admin;NO
FAC-463;2026-06-25;;;BUSOS CABALLERO MEDIA CREMALLERA COMBINADO (UN);26218530;1;80000;0;Efectivo;80000;0;80000;admin;NO
FAC-462;2026-06-25;;;CAMISETAS NIÑO COLOMBIA AAA AMARILLA (28);1148812;1;70000;0;Transferencia o depósito;70000;0;70000;admin;NO
FAC-462;2026-06-25;;;CONJUNTO UNISEX COLOMBIA 1.1 POLO AZUL (XXL);40329534;1;80000;0;;80000;0;80000;admin;NO
FAC-462;2026-06-25;;;CAMISETAS CABALLERO COLOMBIA 1.1 BLANCA ENTRENAMIENTO (S);11231327;1;76000;0;;76000;0;76000;admin;NO
FAC-461;2026-06-25;;;GORRAS UNISEX COLOMBIA (UN);1438630;1;56000;0;Transferencia o depósito;56000;0;56000;admin;NO
FAC-460;2026-06-25;;;JEANS DAMA BAGGI (14);11395;1;110000;0;Tarjeta de débito;110000;0;110000;admin;NO
FAC-459;2026-06-25;;;CONJUNTO CABALLERO PORTUGAL AAA (M);40222325;2;70000;0;Transferencia o depósito;70000;0;70000;admin;NO
FAC-458;2026-07-04;;;BUSOS UNISEX ALGODON SIN ESTAMPADO (XL);2632332;1;44000;0;Tarjeta de débito;44000;0;44000;admin;NO
FAC-458;2026-07-04;;;CAMISETAS CABALLERO ESPAÑA 1.1 LOCAL (XL);11212832;1;80000;0;;80000;0;80000;admin;NO
FAC-458;2026-07-04;;;CAMISETAS CABALLERO POLO TIPO GALLETA (L);11222023;1;50000;0;;50000;0;50000;admin;NO
FAC-458;2026-07-04;;;DRILL CABALLERO JUVENIL (32);42215814;1;70000;0;;70000;0;70000;admin;NO
FAC-458;2026-07-04;;;CAMISETAS CABALLERO POLO TIPO GALLETA (XL);11222032;1;50000;0;;50000;0;50000;admin;NO
FAC-458;2026-07-04;;;JEANS CABALLERO CLASICO (30);127813;1;70000;0;;70000;0;70000;admin;NO
FAC-458;2026-07-04;;;BUSOS UNISEX ALGODON CAPOTA ESTAMPADO (XL);2631832;1;48000;0;;48000;0;48000;admin;NO
FAC-458;2026-07-04;;;CAMISETAS CABALLERO POLO TIPO GALLETA ACANALADA (XL);11232432;1;64000;0;;64000;0;64000;admin;NO
FAC-458;2026-07-04;;;CAMISETAS CABALLERO CUELLO REDONDO TIPO GALLETA (L);11229123;2;42000;0;;42000;0;42000;admin;NO
FAC-457;2026-07-04;;;BUSOS UNISEX MUNDIAL 2026 (L);26319423;1;70000;0;Transferencia o depósito;70000;0;70000;admin;NO
FAC-456;2026-07-04;;;JEANS CABALLERO BAGGI (32);123914;1;110000;0;A convenir;110000;0;110000;admin;NO
FAC-456;2026-07-04;;;CAMISETAS CABALLERO OVERSIZE (M);11220225;1;58000;0;;58000;0;58000;admin;NO
FAC-456;2026-07-04;;;LICRAS DAMA A RODILLA (UN);31630;1;22000;0;;22000;0;22000;admin;NO
FAC-455;2026-06-24;;;CAMISETAS UNISEX ARGENTINA 1.1 LOCAL 2026 (M);11333525;1;110000;0;Transferencia o depósito;110000;0;110000;admin;NO
FAC-454;2026-06-24;;;CAMISETAS CABALLERO POLO TIPO GALLETA (M);11222025;2;50000;0;A convenir;50000;0;50000;admin;NO
FAC-453;2026-06-24;;;BUSOS DAMA CREMALLERA OVERSIZE (UN);26110430;1;72000;0;Tarjeta de crédito;72000;0;72000;admin;NO
FAC-453;2026-06-24;;;CHAQUETAS DAMA LISA ACOLCHADA (XXL);25117534;1;78000;0;;78000;0;78000;admin;NO
FAC-453;2026-06-24;;;SHORTS DAMA CAPRIATY (UN);417130;1;32000;0;;32000;0;32000;admin;NO
FAC-453;2026-06-24;;;BUSOS DAMA DUO (UN);26112230;1;36000;0;;36000;0;36000;admin;NO
FAC-453;2026-06-24;;;SHORTS DAMA RUNNING (UN);4124630;1;50000;0;;50000;0;50000;admin;NO
FAC-452;2026-06-24;;;PANTALONETAS CABALLERO DEPORTIVA (S-M);35211328;1;44000;0;Transferencia o depósito;44000;0;44000;admin;NO
FAC-452;2026-06-24;;;CAMISETAS CABALLERO COLOMBIA 1.1 AMARILLA (L);1128723;1;70000;0;;70000;0;70000;admin;NO
FAC-451;2026-06-24;;;BLUSAS DAMA BRILLANTE (UN);615230;1;56000;0;Tarjeta de débito;56000;0;56000;admin;NO
FAC-451;2026-06-24;;;BUSOS DAMA CAPOTA LANA (UN);2617030;1;66000;0;;66000;0;66000;admin;NO
FAC-451;2026-06-24;;;CAMISETAS NIÑO COLOMBIA AAA AMARILLA (28);1148812;1;70000;0;;70000;0;70000;admin;NO
FAC-450;2026-06-24;;;TOPOS UNISEX TOPOS DE SEGURIDAD 2 (VA);32326831;1;10000;0;Efectivo;10000;0;10000;admin;NO
FAC-450;2026-06-24;;;BATAS TEJIDO DAMA - (UN);521030;1;46000;0;;46000;0;46000;admin;NO
FAC-449;2026-06-24;;;CHAQUETAS DAMA ROMBOS (XL);25124232;1;78000;0;Efectivo;78000;0;78000;admin;NO
FAC-449;2026-06-24;;;BUSOS DAMA RESORTADO CON CAPOTA (UN);26123630;1;56000;0;;56000;0;56000;admin;NO
FAC-449;2026-06-24;;;CAMISETAS NIÑO COLOMBIA AAA AMARILLA (28);1148812;1;70000;0;;70000;0;70000;admin;NO
FAC-449;2026-06-24;;;CAMISETAS NIÑO COLOMBIA AAA AMARILLA (26);1148811;1;70000;0;;70000;0;70000;admin;NO
FAC-448;2026-06-24;;;CAMISETAS CABALLERO COLOMBIA AAA AMARILLA (XL);1128832;1;60000;0;Efectivo;60000;0;60000;admin;NO
FAC-447;2026-06-24;;;CAMISETAS CABALLERO COLOMBIA 1.1 AMARILLA (L);1128723;1;70000;0;Transferencia o depósito;70000;0;70000;admin;NO
FAC-446;2026-06-24;;;CAMISETAS CABALLERO COLOMBIA 1.1 AMARILLA (L);1128723;1;70000;0;Transferencia o depósito;70000;0;70000;admin;NO
FAC-445;2026-06-24;;;CANDONGAS UNISEX CUADRADA 2 (VA);34310631;1;13000;0;Efectivo;13000;0;13000;admin;NO
FAC-445;2026-06-24;;;MEDIAS DAMA TALONERA TOBILLERA (VA);24125631;1;3000;0;;3000;0;3000;admin;NO
FAC-444;2026-06-24;;;PULSERAS UNISEX PULSERA 4 (VA);31322731;1;16000;0;Efectivo;16000;0;16000;admin;NO
FAC-444;2026-06-24;;;CROPTOP DAMA OVERSIZE DOS ESTAMPADOS (L);55120323;1;40000;0;;40000;0;40000;admin;NO
FAC-444;2026-06-24;;;CONJUNTO NIÑO DE COLOMBIA (4);40411136;1;35000;0;;35000;0;35000;admin;NO
FAC-444;2026-06-24;;;BUSOS UNISEX MUNDIAL 2026 (XL);26319432;1;70000;0;;70000;0;70000;admin;NO
FAC-443;2026-06-24;;;CONJUNTO CABALLERO BRASIL AAA (M);4025125;1;70000;0;Transferencia o depósito;70000;0;70000;admin;NO
FAC-443;2026-06-24;;;CAMISETAS CABALLERO ESPAÑA 1.1 LOCAL (M);11212825;1;80000;0;;80000;0;80000;admin;NO
FAC-442;2026-07-04;;;CABELLO-ACCESORIOS UNISEX DIADEMA MEDIANA (VA);29311731;1;12000;0;Efectivo;12000;0;12000;admin;NO
FAC-441;2026-07-04;;;CANGUROS DAMA BRILLO (UN);201540;1;76000;0;Efectivo;76000;0;76000;admin;NO
FAC-440;2026-06-24;;;CAMISETAS CABALLERO ITALIA 90 (S);11215027;1;70000;0;Efectivo;70000;0;70000;admin;NO
FAC-439;2026-06-24;;;MEDIAS UNISEX FINA MEDIA (VA);24313531;1;16000;0;Efectivo;16000;0;16000;admin;NO
FAC-438;2026-06-24;;;CANILLERAS NIÑO EQUIPOS (VA);27412731;1;14000;0;Tarjeta de débito;14000;0;14000;admin;NO
FAC-438;2026-06-24;;;CAMISETAS CABALLERO ITALIA 90 (L);11215023;1;70000;0;;70000;0;70000;admin;NO
FAC-437;2026-07-04;;;BUSOS UNISEX ALGODON CON CAPOTA ESTAMPADO CREMALLERA (XL);2631932;1;48000;0;Efectivo;48000;0;48000;admin;NO
FAC-436;2026-07-04;;;COLLAR UNISEX COLLAR 4 (VA);3038231;1;29000;0;Tarjeta de débito;29000;0;29000;admin;NO
FAC-436;2026-07-04;;;ANILLOS UNISEX ANILLO 5 (VA);2832931;1;22000;0;;22000;0;22000;admin;NO
FAC-436;2026-07-04;;;BLUSAS DAMA ASIMETRICA 1 HOMBRO (UN);613430;1;44000;0;;44000;0;44000;admin;NO
FAC-436;2026-07-04;;;CHAQUETAS DAMA OVEJERA CUERINA (XL);25120032;1;104000;0;;104000;0;104000;admin;NO
FAC-435;2026-07-04;;;GORRAS UNISEX COLOMBIA;;1;60000;0;Tarjeta de débito;60000;0;60000;admin;NO
FAC-435;2026-07-04;;;CONJUNTO UNISEX DE COLOMBIA (VA);40311131;1;35000;0;;35000;0;35000;admin;NO
FAC-435;2026-07-04;;;CHAQUETAS DAMA JEAN TORERA OVEJERA (XL);25115532;1;90000;0;;90000;0;90000;admin;NO
FAC-435;2026-07-04;;;CHAQUETAS CABALLERO CANGURO AIR (L);2526823;1;68000;0;;68000;0;68000;admin;NO
FAC-435;2026-07-04;;;CROPTOP DAMA OVERSIZE DOS ESTAMPADOS (S);55120327;2;40000;0;;40000;0;40000;admin;NO
FAC-434;2026-07-04;;;CAMISETAS CABALLERO POLO SEDA FRIA (L);11221823;1;48000;0;A convenir;48000;0;48000;admin;NO
FAC-433;2026-06-23;;;CAMISETAS CABALLERO COLOMBIA AAA AZUL (L);11231023;1;70000;0;Transferencia o depósito;70000;0;70000;admin;NO
FAC-432;2026-06-23;;;PULSERAS DAMA DE COLOMBIA (UN);3111110;1;5000;0;Transferencia o depósito;5000;0;5000;admin;NO
FAC-432;2026-06-23;;;CAMISETAS UNISEX COLOMBIA AAA POLO AMARILLA (L);11331123;1;60000;0;;60000;0;60000;admin;NO
FAC-431;2026-06-23;;;CAMISETAS CABALLERO OVERSIZE (M);11220225;1;58000;0;Efectivo;58000;0;58000;admin;NO
FAC-430;2026-07-04;;;CHAQUETAS CABALLERO HUGO BOSS (UN);25214330;1;72000;0;Efectivo;72000;0;72000;admin;NO
FAC-429;2026-06-23;;;CAMISETAS CABALLERO COLOMBIA 1.1 AMARILLA (L);1128723;1;70000;0;Efectivo;70000;0;70000;admin;NO
FAC-429;2026-06-23;;;BUSOS UNISEX MUNDIAL 2026 (M);26319425;1;70000;0;;70000;0;70000;admin;NO
FAC-428;2026-06-23;;;MEDIAS UNISEX FINA MEDIA (VA);24313531;1;16000;0;Tarjeta de crédito;16000;0;16000;admin;NO
FAC-428;2026-06-23;;;CAMISETAS UNISEX COLOMBIA AAA POLO AZUL (S);11329627;1;60000;0;;60000;0;60000;admin;NO
FAC-427;2026-06-23;;;PANTALONES UNISEX ALGODON (XXL);231634;1;40000;0;Efectivo;40000;0;40000;admin;NO
FAC-426;2026-06-23;;;PANTALONES UNISEX VIOTO (XXL);2327634;1;40000;0;Efectivo;40000;0;40000;admin;NO
FAC-425;2026-07-04;;;CAMISETAS CABALLERO COLOMBIA 1.1 AMARILLA (L);1128723;1;70000;0;A convenir;70000;0;70000;admin;NO
FAC-424;2026-06-23;;;CINTURON+BILLETERA CABALLERO CAJA HERMES (UN);502610;1;76000;0;Tarjeta de crédito;76000;0;76000;admin;NO
FAC-424;2026-06-23;;;ANILLOS UNISEX ANILLO 2 (VA);2832631;1;13000;0;;13000;0;13000;admin;NO
FAC-424;2026-06-23;;;BLUSAS DAMA LICRADA CORTA CUELLO (UN);613050;1;25000;0;;25000;0;25000;admin;NO
FAC-424;2026-06-23;;;CHAQUETAS DAMA PAÑO (L);25128823;1;90000;0;;90000;0;90000;admin;NO
FAC-423;2026-06-23;;;CAMISETAS CABALLERO COLOMBIA AAA AMARILLA (XL);1128832;1;60000;0;Efectivo;60000;0;60000;admin;NO
FAC-422;2026-06-23;;;BUSOS CABALLERO DEPORTIVO (L-XL);26211524;1;32000;0;Efectivo;32000;0;32000;admin;NO
FAC-422;2026-06-23;;;CAMISETAS CABALLERO COLOMBIA 1.1 AMARILLA (L);1128723;1;70000;0;;70000;0;70000;admin;NO
FAC-421;2026-06-23;;;CAMISETAS CABALLERO COLOMBIA AAA AZUL (L);11231023;1;70000;0;Transferencia o depósito;70000;0;70000;admin;NO
FAC-420;2026-06-23;;;CAMISETAS CABALLERO COLOMBIA AAA AMARILLA (M);1128825;1;60000;0;Efectivo;60000;0;60000;admin;NO
FAC-420;2026-06-23;;;CHAQUETAS CABALLERO ABIERTA AIR (L);252723;1;72000;0;;72000;0;72000;admin;NO
FAC-419;2026-06-23;;;JEANS CABALLERO CLASICO (32);127814;1;70000;0;Tarjeta de débito;70000;0;70000;admin;NO
FAC-418;2026-06-23;;;CAMISETAS CABALLERO COLOMBIA 1.1 AMARILLA (L);1128723;1;70000;0;Transferencia o depósito;70000;0;70000;admin;NO
FAC-417;2026-06-23;;;CONJUNTO CABALLERO ARGENTINA AAA LOCAL (XL);4023332;1;70000;0;Efectivo;70000;0;70000;admin;NO
FAC-416;2026-06-23;;;CAMISETAS CABALLERO COLOMBIA 1.1 AMARILLA (L);1128723;1;70000;0;Tarjeta de débito;70000;0;70000;admin;NO
FAC-416;2026-06-23;;;CAMISETAS DAMA COLOMBIA 1.1 AMARILLA (L);1118723;1;80000;0;;80000;0;80000;admin;NO
FAC-415;2026-06-23;;;CHAQUETAS UNISEX SELECCION COLOMBIA ENCAUCHETADA (XL);25329032;1;140000;0;Transferencia o depósito;140000;0;140000;admin;NO
FAC-414;2026-06-23;;;BUSOS UNISEX ALGODON CUELLO REDONDO ESTAMPADO (L);2632123;1;44000;0;A convenir;44000;0;44000;admin;NO
FAC-414;2026-06-23;;;CHAQUETAS DAMA OVEJERA CUERINA (L);25120023;1;104000;0;;104000;0;104000;admin;NO
FAC-413;2026-06-23;;;CAMISETAS UNISEX COLOMBIA AAA POLO AZUL (XL);11329632;1;65000;0;Tarjeta de débito;65000;0;65000;admin;NO
FAC-413;2026-06-23;;;CONJUNTO UNISEX COLOMBIA 1.1 POLO AZUL (M);40329525;1;80000;0;;80000;0;80000;admin;NO
FAC-412;2026-06-23;;;CAMISETAS NIÑO COLOMBIA AAA AMARILLA (18);114887;1;70000;0;Efectivo;70000;0;70000;admin;NO
FAC-412;2026-06-23;;;CAMISETAS NIÑO COLOMBIA AAA AMARILLA (28);1148812;1;70000;0;;70000;0;70000;admin;NO
FAC-411;2026-06-23;;;CAMISETAS CABALLERO COLOMBIA 1.1 AMARILLA (L);1128723;1;70000;0;Transferencia o depósito;70000;0;70000;admin;NO
FAC-410;2026-06-23;;;DRILL CABALLERO CAMUFLADO (34);4226615;2;90000;0;Transferencia o depósito;90000;0;90000;admin;NO
FAC-409;2026-06-23;;;DRILL CABALLERO CAMUFLADO (34);4226615;1;90000;0;Transferencia o depósito;90000;0;90000;admin;NO
FAC-409;2026-06-23;;;JEANS CABALLERO JOGGER (34);1215615;2;70000;0;;70000;0;70000;admin;NO
FAC-408;2026-07-04;;;CAMISETAS UNISEX ARGENTINA 1.1 LOCAL 2026 (XL);11333532;1;110000;0;Transferencia o depósito;110000;0;110000;admin;NO
FAC-407;2026-07-04;;;ANILLOS UNISEX ANILLO 2 (VA);2832631;1;13000;0;Efectivo;13000;0;13000;admin;NO
FAC-406;2026-06-23;;;GORRAS UNISEX VARIOS (UN);14327530;1;32000;0;Transferencia o depósito;32000;0;32000;admin;NO
FAC-405;2026-06-23;;;CAMISETAS CABALLERO COLOMBIA AAA AZUL (L);11231023;1;70000;0;Efectivo;70000;0;70000;admin;NO
FAC-404;2026-06-23;;;BUSOS CABALLERO CUELLO REDONDO (XL);26210832;1;56000;0;Transferencia o depósito;56000;0;56000;admin;NO
FAC-404;2026-06-23;;;CHAQUETAS CABALLERO JEAN OVEJERA (XL);25215432;1;110000;0;;110000;0;110000;admin;NO
FAC-404;2026-06-23;;;COLLAR UNISEX COLLAR 5 (VA);3038331;1;14000;0;;14000;0;14000;admin;NO
FAC-403;2026-06-22;;;BUSOS UNISEX ALGODON SIN ESTAMPADO (M);2632325;1;44000;0;Efectivo;44000;0;44000;admin;NO
FAC-402;2026-06-22;;;CAMISETAS CABALLERO COLOMBIA 1.1 AMARILLA (L);1128723;1;70000;0;Tarjeta de débito;70000;0;70000;admin;NO
FAC-401;2026-06-22;;;CAMISETAS NIÑO COLOMBIA AAA AMARILLA (22);114889;1;70000;0;Transferencia o depósito;70000;0;70000;admin;NO
FAC-401;2026-06-22;;;BUSOS UNISEX MUNDIAL 2026 (XXL);26319434;1;70000;0;;70000;0;70000;admin;NO
FAC-400;2026-06-22;;;CAMISETAS CABALLERO COLOMBIA 1.1 AMARILLA (XXL);1128734;1;70000;0;Tarjeta de débito;70000;0;70000;admin;NO
FAC-400;2026-06-22;;;CAMISETAS CABALLERO COLOMBIA AAA AMARILLA (XL);1128832;1;60000;0;;60000;0;60000;admin;NO
FAC-399;2026-06-22;;;CAMISETAS CABALLERO COLOMBIA AAA AMARILLA (L);1128823;1;60000;0;Tarjeta de débito;60000;0;60000;admin;NO
FAC-399;2026-06-22;;;CAMISETAS CABALLERO COLOMBIA AAA AZUL (L);11231023;1;70000;0;;70000;0;70000;admin;NO
FAC-398;2026-06-22;;;BUSOS CABALLERO CUELLO REDONDO COMBINADO (UN);26210930;1;70000;0;Transferencia o depósito;70000;0;70000;admin;NO
FAC-397;2026-06-22;;;PANTALONES UNISEX IMPERMEABLE (M);2314525;1;32000;0;Tarjeta de débito;32000;0;32000;admin;NO
FAC-397;2026-06-22;;;CAMISETAS DAMA SEDA FRIA (UN);11124830;1;34000;0;;34000;0;34000;admin;NO
FAC-397;2026-06-22;;;PANTALONES UNISEX ALGODON (L);231623;1;32000;0;;32000;0;32000;admin;NO
FAC-397;2026-06-22;;;CHAQUETAS CABALLERO POLO SENCILLA (L);25221923;1;90000;0;;90000;0;90000;admin;NO
FAC-397;2026-06-22;;;JEANS DAMA CAMUFLADO (14);11665;1;76000;0;;76000;0;76000;admin;NO
FAC-397;2026-06-22;;;SACO DAMA TEJIDO RAYAS (UN);39125830;1;50000;0;;50000;0;50000;admin;NO
FAC-396;2026-06-22;;;CAMISETAS CABALLERO COLOMBIA AAA AMARILLA (XL);1128832;1;60000;0;Transferencia o depósito;60000;0;60000;admin;NO
FAC-395;2026-06-22;;;CAMISETAS CABALLERO COLOMBIA 1.1 BLANCA ENTRENAMIENTO (S);11231327;1;76000;0;Tarjeta de débito;76000;0;76000;admin;NO
FAC-394;2026-06-22;;;CONJUNTO CABALLERO PORTUGAL AAA (L);40222323;1;70000;0;Efectivo;70000;0;70000;admin;NO
FAC-393;2026-06-22;;;CAMISETAS CABALLERO COLOMBIA 1.1 AMARILLA (XXL);1128734;1;70000;0;Efectivo;70000;0;70000;admin;NO
FAC-392;2026-06-22;;;CAMISETAS CABALLERO COLOMBIA 1.1 AMARILLA (XL);1128732;1;70000;0;Transferencia o depósito;70000;0;70000;admin;NO
FAC-392;2026-06-22;;;CAMISETAS DAMA COLOMBIA 1.1 AMARILLA (XL);1118732;2;70000;0;;70000;0;70000;admin;NO
FAC-391;2026-07-04;;;CAMISETAS CABALLERO COLOMBIA 1.1 AMARILLA (XXL);1128734;1;70000;0;Efectivo;70000;0;70000;admin;NO
FAC-390;2026-07-04;;;BLUSAS DAMA LICRADA LARGA SIZA (UN);613060;1;25000;0;Efectivo;25000;0;25000;admin;NO
FAC-390;2026-07-04;;;BLUSAS DAMA LICRADA MANGA CORTA (UN);611700;1;25000;0;;25000;0;25000;admin;NO
FAC-390;2026-07-04;;;JEANS DAMA BAGGI (8);11392;2;110000;0;;110000;0;110000;admin;NO
FAC-389;2026-06-22;;;CAMISETAS CABALLERO COLOMBIA AAA AZUL (L);11231023;3;70000;0;Tarjeta de crédito;70000;0;70000;admin;NO
FAC-389;2026-06-22;;;CONJUNTO CABALLERO ARGENTINA AAA LOCAL (M);4023325;1;70000;0;;70000;0;70000;admin;NO
FAC-389;2026-06-22;;;CAIMAN DAMA BRONCE CAIMAN (UN);591550;1;6000;0;;6000;0;6000;admin;NO
FAC-388;2026-06-22;;;BUSOS DAMA CON BORDADOS (UN);2619030;1;66000;0;Efectivo;66000;0;66000;admin;NO
FAC-387;2026-06-22;;;CAMISETAS CABALLERO SEDA FRIA (S);11224827;1;40000;0;Transferencia o depósito;40000;0;40000;admin;NO
FAC-387;2026-06-22;;;BUSOS CABALLERO CUELLO REDONDO COMBINADO (UN);26210930;1;70000;0;;70000;0;70000;admin;NO
FAC-387;2026-06-22;;;SUDADERA UNISEX OVERSIZE (UN);41320230;1;66000;0;;66000;0;66000;admin;NO
FAC-386;2026-06-22;;;CAMISETAS CABALLERO POLO SEDA FRIA (M);11221825;1;48000;0;Tarjeta de débito;48000;0;48000;admin;NO
FAC-385;2026-06-22;;;GORRAS UNISEX VARIOS (UN);14327530;1;32000;0;Efectivo;32000;0;32000;admin;NO
FAC-384;2026-06-22;;;BUSOS CABALLERO DEPORTIVO (L-XL);26211524;1;32000;0;Efectivo;32000;0;32000;admin;NO
FAC-383;2026-06-22;;;BUSOS DAMA CUELLO REDONDO (UN);26110830;1;56000;0;A convenir;56000;0;56000;admin;NO
FAC-383;2026-06-22;;;CAMISETAS UNISEX SEDA FRÍA (L);11324923;1;70000;0;;70000;0;70000;admin;NO
FAC-383;2026-06-22;;;CAMISETAS UNISEX SEDA FRÍA (M);11324925;1;70000;0;;70000;0;70000;admin;NO
FAC-382;2026-06-22;;;CANILLERAS UNISEX CANILLERA ADULTO (VA);2736931;1;16000;0;Efectivo;16000;0;16000;admin;NO
FAC-381;2026-06-22;;;BUSOS CABALLERO CUELLO REDONDO (UN);26210830;1;70000;0;Efectivo;70000;0;70000;admin;NO
FAC-380;2026-06-22;;;CAMISETAS CABALLERO SEDA FRIA (L);11224823;2;40000;0;Transferencia o depósito;40000;0;40000;admin;NO
FAC-380;2026-06-22;;;PANTALONES UNISEX VIOTO (L);2327623;1;32000;0;;32000;0;32000;admin;NO
FAC-379;2026-07-04;;;CAMISETAS DAMA ALGODON AJUSTADA (S);1111727;1;40000;0;Transferencia o depósito;40000;0;40000;admin;NO
FAC-378;2026-06-21;;;SHORTS DAMA CAPRIATY (UN);417130;1;32000;0;Tarjeta de crédito;32000;0;32000;admin;NO
FAC-378;2026-06-21;;;BUSOS DAMA DUO (UN);26112230;1;36000;0;;36000;0;36000;admin;NO
FAC-378;2026-06-21;;;CAMISETAS DAMA COLOMBIA 1.1 AMARILLA (L);1118723;1;80000;0;;80000;0;80000;admin;NO
FAC-377;2026-06-21;;;CANDONGAS UNISEX REDONDA 1 (VA);34323331;1;10000;0;A convenir;10000;0;10000;admin;NO
FAC-377;2026-06-21;;;ANILLOS UNISEX ANILLO 6 (VA);2833031;1;12000;0;;12000;0;12000;admin;NO
FAC-377;2026-06-21;;;ANILLOS UNISEX ANILLO 3 (VA);2832731;1;9000;0;;9000;0;9000;admin;NO
FAC-376;2026-06-21;;;PULSERAS DAMA DE COLOMBIA (UN);3111110;1;5000;0;Efectivo;5000;0;5000;admin;NO
FAC-376;2026-06-21;;;CAMISETAS CABALLERO POLO RAYAS (L);11229723;1;42000;0;;42000;0;42000;admin;NO
FAC-375;2026-06-21;;;CHAQUETAS DAMA YOGA LICRA (UN);25127730;1;40000;0;Tarjeta de débito;40000;0;40000;admin;NO
FAC-374;2026-06-21;;;CAMISETAS UNISEX COLOMBIA AAA POLO AMARILLA (XXXL);11331135;1;60000;0;Efectivo;60000;0;60000;admin;NO
FAC-373;2026-06-21;;;CHAQUETAS CABALLERO ABIERTA AIR (M);252725;1;72000;0;Transferencia o depósito;72000;0;72000;admin;NO
FAC-372;2026-06-21;;;CONJUNTO UNISEX COLOMBIA 1.1 POLO AZUL (M);40329525;1;80000;0;Efectivo;80000;0;80000;admin;NO
FAC-371;2026-06-21;;;PANTALONES UNISEX IMPERMEABLE (UN);2314530;1;32000;0;Efectivo;32000;0;32000;admin;NO
FAC-370;2026-06-21;;;SERVICIO DE ESTAMPADO;;1;20000;0;Efectivo;20000;0;20000;admin;NO
FAC-370;2026-06-21;;;CONJUNTO CABALLERO ALEMANIA AAA LOCAL (XL);4021532;1;70000;0;;70000;0;70000;admin;NO
FAC-370;2026-06-21;;;CONJUNTO CABALLERO PORTUGAL AAA (XL);40222332;1;70000;0;;70000;0;70000;admin;NO
FAC-369;2026-06-21;;;LEGGINS DAMA ALGODON (XL);4411632;1;34000;0;A convenir;34000;0;34000;admin;NO
FAC-369;2026-06-21;;;CAMISETAS CABALLERO COLOMBIA 1.1 AMARILLA (XL);1128732;1;70000;0;;70000;0;70000;admin;NO
FAC-368;2026-06-21;;;CAMISETAS CABALLERO COLOMBIA 1.1 AMARILLA (XXL);1128734;3;70000;0;Tarjeta de crédito;70000;0;70000;admin;NO
FAC-368;2026-06-21;;;CAMISETAS NIÑO COLOMBIA AAA AMARILLA (26);1148811;1;70000;0;;70000;0;70000;admin;NO
FAC-368;2026-06-21;;;CAMISETAS UNISEX COLOMBIA AAA POLO AZUL (L);11329623;1;65000;0;;65000;0;65000;admin;NO
FAC-368;2026-06-21;;;CAMISETAS CABALLERO COLOMBIA AAA AZUL (L);11231023;2;70000;0;;70000;0;70000;admin;NO
FAC-367;2026-06-21;;;CAMISETAS NIÑO COLOMBIA AAA AMARILLA (18);114887;1;70000;0;Tarjeta de débito;70000;0;70000;admin;NO
FAC-366;2026-06-21;;;CAMISETAS DAMA ESTAMPADO CORTA (UN);1113090;1;25000;0;Tarjeta de débito;25000;0;25000;admin;NO
FAC-365;2026-06-21;;;VESTIDOS DAMA DE TIRAS (UN);8111230;1;70000;0;Tarjeta de crédito;70000;0;70000;admin;NO
FAC-364;2026-06-21;;;JEANS DAMA CAMUFLADO (16);11666;1;76000;0;Efectivo;76000;0;76000;admin;NO
FAC-364;2026-06-21;;;JEANS DAMA 1 BOTON (16);1116;1;64000;0;;64000;0;64000;admin;NO
FAC-363;2026-06-21;;;CAMISETAS CABALLERO POLO TIPO GALLETA ACANALADA (XL);11232432;1;64000;0;Efectivo;64000;0;64000;admin;NO
FAC-362;2026-06-21;;;BUSOS UNISEX ALGODON CON CAPOTA ESTAMPADO CREMALLERA (M);2631925;1;48000;0;Transferencia o depósito;48000;0;48000;admin;NO
FAC-362;2026-06-21;;;BUSOS UNISEX ALGODON SIN ESTAMPADO (L);2632323;1;44000;0;;44000;0;44000;admin;NO
FAC-361;2026-06-21;;;BUSOS CABALLERO CUELLO REDONDO COMBINADO (UN);26210930;1;70000;0;Efectivo;70000;0;70000;admin;NO
FAC-360;2026-06-21;;;CAMISETAS CABALLERO POLO SEDA FRIA (M);11221825;1;48000;0;Efectivo;48000;0;48000;admin;NO
FAC-359;2026-06-21;;;CAJAS REGALO UNISEX COLOMBIA (UN);213860;1;4000;0;Efectivo;4000;0;4000;admin;NO
FAC-358;2026-06-21;;;CAMISETAS DAMA COLOMBIA 1.1 AMARILLA (XL);1118732;2;70000;0;Tarjeta de débito;70000;0;70000;admin;NO
FAC-357;2026-06-21;;;CAMISETAS CABALLERO COLOMBIA 1.1 AMARILLA (XL);1128732;2;70000;0;Transferencia o depósito;70000;0;70000;admin;NO
FAC-356;2026-06-21;;;CAMISETAS UNISEX COLOMBIA AAA POLO AZUL (XXL);11329634;1;65000;0;Efectivo;65000;0;65000;admin;NO
FAC-355;2026-06-21;;;BUSOS DAMA PEPAS CHINILLO (UN);26120730;1;50000;0;Tarjeta de débito;50000;0;50000;admin;NO
FAC-355;2026-06-21;;;PANTALONES DAMA MARIPOSA (XL);2118432;1;70000;0;;70000;0;70000;admin;NO
FAC-355;2026-06-21;;;BLUSAS DAMA LICRADA MANGA LARGA (UN);611710;1;25000;0;;25000;0;25000;admin;NO
FAC-355;2026-06-21;;;BLUSAS DAMA LICRADA CORTA CUELLO (UN);613050;1;25000;0;;25000;0;25000;admin;NO
FAC-355;2026-06-21;;;SACO DAMA CORAZON LOVE (UN);3919730;1;60000;0;;60000;0;60000;admin;NO
FAC-354;2026-06-21;;;CAMISETAS UNISEX COLOMBIA AAA POLO AZUL (L);11329623;1;65000;0;Tarjeta de débito;65000;0;65000;admin;NO
FAC-353;2026-06-21;;;JEANS DAMA BAGGI (14);11395;1;110000;0;Tarjeta de débito;110000;0;110000;admin;NO
FAC-353;2026-06-21;;;CAMISETAS UNISEX SEDA FRÍA (M);11324925;1;70000;0;;70000;0;70000;admin;NO
FAC-353;2026-06-21;;;STRAPLE DAMA TIRA CUELLO (UN);51126330;1;40000;0;;40000;0;40000;admin;NO
FAC-353;2026-06-21;;;CAMISETAS DAMA ESTAMPADO CORTA (UN);1113090;1;25000;0;;25000;0;25000;admin;NO
FAC-353;2026-06-21;;;PANTALONES DAMA ROMA (UN);2124030;1;88000;0;;88000;0;88000;admin;NO
FAC-352;2026-06-21;;;CAMISETAS CABALLERO COLOMBIA AAA AZUL (L);11231023;1;70000;0;Transferencia o depósito;70000;0;70000;admin;NO
FAC-351;2026-06-21;;;BUSOS UNISEX ALGODON CON CAPOTA ESTAMPADO CREMALLERA (L);2631923;1;48000;0;Tarjeta de débito;48000;0;48000;admin;NO
FAC-350;2026-06-21;;;DRILL CABALLERO JUVENIL (32);42215814;1;70000;0;Efectivo;70000;0;70000;admin;NO
FAC-349;2026-06-21;;;CHAQUETAS DAMA ROMBOS (XL);25124232;1;78000;0;Efectivo;78000;0;78000;admin;NO
FAC-348;2026-06-21;;;CHAQUETAS DAMA PAÑO OVEJERA (M);25120525;1;90000;0;Tarjeta de débito;90000;0;90000;admin;NO
FAC-347;2026-06-21;;;GORRAS UNISEX COLOMBIA (UN);1438630;1;56000;0;Efectivo;56000;0;56000;admin;NO
FAC-347;2026-06-21;;;CAMISETAS CABALLERO SEDA FRIA (XL);11224832;1;40000;0;;40000;0;40000;admin;NO
FAC-347;2026-06-21;;;BUSOS CABALLERO MEDIA CREMALLERA COMBINADO (UN);26218530;1;80000;0;;80000;0;80000;admin;NO
FAC-346;2026-06-20;;;BUSOS DAMA CREMALLERA OVERSIZE (UN);26110430;1;72000;0;A convenir;72000;0;72000;admin;NO
FAC-346;2026-06-20;;;SACO DAMA CORAZON LOVE (UN);3919730;1;60000;0;;60000;0;60000;admin;NO
FAC-346;2026-06-20;;;STRAPLE DAMA TIRA CUELLO (UN);51126330;2;40000;0;;40000;0;40000;admin;NO
FAC-345;2026-06-20;;;SHORTS DAMA SHORT ARO (VA);4125131;1;52000;0;Tarjeta de débito;52000;0;52000;admin;NO
FAC-345;2026-06-20;;;BODY DAMA BODY COSMO (UN);3814730;1;46000;0;;46000;0;46000;admin;NO
FAC-345;2026-06-20;;;BODY DAMA AFELPADO (UN);3811430;1;52000;0;;52000;0;52000;admin;NO
FAC-344;2026-06-20;;;BUSOS DAMA RESORTADO CON CAPOTA (UN);26123630;1;56000;0;A convenir;56000;0;56000;admin;NO
FAC-343;2026-06-20;;;CAMISETAS CABALLERO POLO TIPO GALLETA (XL);11222032;1;50000;0;A convenir;50000;0;50000;admin;NO
FAC-342;2026-06-20;;;PANTALONES UNISEX IMPERMEABLE BORDADO EQUIPOS (L);2332823;1;46000;0;Efectivo;46000;0;46000;admin;NO
FAC-341;2026-06-20;;;CAMISAS CABALLERO JEAN (XL);10215232;1;70000;0;Efectivo;70000;0;70000;admin;NO
FAC-340;2026-06-20;;;CAMISETAS CABALLERO POLO TIPO GALLETA (S);11222027;1;50000;0;A convenir;50000;0;50000;admin;NO
FAC-340;2026-06-20;;;SPLASH CABALLERO PULSERA COMBO (VA);46223031;2;25000;0;;25000;0;25000;admin;NO
FAC-339;2026-06-20;;;PULSERAS DAMA DE COLOMBIA (UN);3111110;1;5000;0;A convenir;5000;0;5000;admin;NO
FAC-339;2026-06-20;;;GORRAS UNISEX COLOMBIA (UN);1438630;1;56000;0;;56000;0;56000;admin;NO
FAC-339;2026-06-20;;;CHAQUETAS DAMA YOGA LICRA (UN);25127730;1;40000;0;;40000;0;40000;admin;NO
FAC-339;2026-06-20;;;SHORTS DAMA RUNNING (UN);4124630;1;50000;0;;50000;0;50000;admin;NO
FAC-338;2026-06-20;;;CONJUNTO UNISEX PORTUGAL AAA VISITANTE 2026 (M);40329425;1;70000;0;Efectivo;70000;0;70000;admin;NO
FAC-337;2026-06-20;;;PULSERAS DAMA DE COLOMBIA (UN);3111110;1;5000;0;Efectivo;5000;0;5000;admin;NO
FAC-336;2026-06-20;;;CAMISETAS CABALLERO COLOMBIA AAA AMARILLA (M);1128825;1;60000;0;Efectivo;60000;0;60000;admin;NO
FAC-335;2026-06-20;;;CAJAS REGALO UNISEX COLOMBIA (UN);213860;1;4000;0;A convenir;4000;0;4000;admin;NO
FAC-335;2026-06-20;;;CAMISETAS CABALLERO COLOMBIA AAA AMARILLA (S);1128827;1;60000;0;;60000;0;60000;admin;NO
FAC-335;2026-06-20;;;CAMISETAS CABALLERO COLOMBIA AAA AMARILLA (XXL);1128834;1;60000;0;;60000;0;60000;admin;NO
FAC-334;2026-06-20;;;VESTIDOS DAMA DE TIRAS (UN);8111230;1;70000;0;A convenir;70000;0;70000;admin;NO
FAC-333;2026-06-20;;;CAJAS REGALO UNISEX COLOMBIA (UN);213860;1;4000;0;A convenir;4000;0;4000;admin;NO
FAC-333;2026-06-20;;;CAMISETAS CABALLERO COLOMBIA AAA AZUL (L);11231023;1;70000;0;;70000;0;70000;admin;NO
FAC-333;2026-06-20;;;CAMISETAS UNISEX COLOMBIA AAA POLO AMARILLA (S);11331127;1;58000;0;;58000;0;58000;admin;NO
FAC-332;2026-06-20;;;GORRAS UNISEX VARIOS (UN);14327530;1;32000;0;A convenir;32000;0;32000;admin;NO
FAC-331;2026-06-20;;;GORRAS UNISEX VARIOS (UN);14327530;1;32000;0;Efectivo;32000;0;32000;admin;NO
FAC-330;2026-06-20;;;BUSOS DAMA PEPAS CHINILLO (UN);26120730;1;50000;0;A convenir;50000;0;50000;admin;NO
FAC-329;2026-06-20;;;CAMISETAS NIÑO COLOMBIA AAA AMARILLA (22);114889;1;70000;0;Efectivo;70000;0;70000;admin;NO
FAC-328;2026-06-20;;;CONJUNTO UNISEX COLOMBIA 1.1 POLO AZUL (S);40329527;1;80000;0;A convenir;80000;0;80000;admin;NO
FAC-328;2026-06-20;;;CAMISETAS CABALLERO POLO RAYAS (M);11229725;1;42000;0;;42000;0;42000;admin;NO
FAC-328;2026-06-20;;;CAMISETAS CABALLERO POLO RAYAS (L);11229723;1;42000;0;;42000;0;42000;admin;NO
FAC-327;2026-06-20;;;PONCHO COLOMBIA;;8;23000;0;Efectivo;23000;0;23000;admin;NO
FAC-327;2026-06-20;;;CHAQUETAS UNISEX SELECCION COLOMBIA ENCAUCHETADA (M);25329025;1;140000;0;;140000;0;140000;admin;NO
FAC-326;2026-06-20;;;CONJUNTO CABALLERO JAPON AAA LOCAL (S);40215127;1;70000;0;A convenir;70000;0;70000;admin;NO
FAC-325;2026-06-20;;;CAIMAN DAMA BRONCE CAIMAN (UN);591550;1;6000;0;A convenir;6000;0;6000;admin;NO
FAC-325;2026-06-20;;;BLUSAS DAMA BASICA ALGODON (VA);614531;1;14000;0;;14000;0;14000;admin;NO
FAC-325;2026-06-20;;;LEGGINS DAMA LICRA (XL);44116732;1;32000;0;;32000;0;32000;admin;NO
FAC-325;2026-06-20;;;BUSOS DAMA CREMALLERA OVERSIZE (UN);26110430;1;72000;0;;72000;0;72000;admin;NO
FAC-325;2026-06-20;;;CAMISETAS DAMA ACANALADO LARGO (UN);1111030;1;32000;0;;32000;0;32000;admin;NO
FAC-325;2026-06-20;;;JEANS DAMA BAGGI (12);11394;1;110000;0;;110000;0;110000;admin;NO
FAC-324;2026-06-20;;;PANTALONES UNISEX VIOTO (XL);2327632;1;32000;0;Efectivo;32000;0;32000;admin;NO
FAC-323;2026-06-20;;;PANTALONES UNISEX IMPERMEABLE BORDADO EQUIPOS (XL);2332832;1;46000;0;Efectivo;46000;0;46000;admin;NO
FAC-323;2026-06-20;;;CHAQUETAS UNISEX SELECCION COLOMBIA ENCAUCHETADA (L);25329023;1;140000;0;;140000;0;140000;admin;NO
FAC-322;2026-06-20;;;CAMISETAS CABALLERO COLOMBIA 1.1 AMARILLA (L);1128723;1;70000;0;Transferencia o depósito;70000;0;70000;admin;NO
FAC-322;2026-06-20;;;CAMISETAS DAMA COLOMBIA 1.1 AMARILLA (S);1118727;1;70000;0;;70000;0;70000;admin;NO
FAC-321;2026-06-20;;;SERVICIO DE ESTAMPADO;;1;20000;0;A convenir;20000;0;20000;admin;NO
FAC-320;2026-06-19;;;CAMISETAS UNISEX ARGENTINA 1.1 LOCAL 2026 (M);11333525;1;110000;0;A convenir;110000;0;110000;admin;NO
FAC-319;2026-06-19;;;JEANS CABALLERO BAGGI (34);123915;1;110000;0;Efectivo;110000;0;110000;admin;NO
FAC-318;2026-06-19;;;CONJUNTO CABALLERO MEXICO AAA LOCAL (M);40218725;1;70000;0;A convenir;70000;0;70000;admin;NO
FAC-317;2026-06-19;;;CAMISETAS NIÑO COLOMBIA AAA AMARILLA (26);1148811;1;70000;0;Efectivo;70000;0;70000;admin;NO
FAC-316;2026-06-19;;;CAMISETAS CABALLERO POLO TIPO GALLETA (M);11222025;1;50000;0;A convenir;50000;0;50000;admin;NO
FAC-316;2026-06-19;;;CANILLERAS UNISEX CANILLERA ADULTO (VA);2736931;1;16000;0;;16000;0;16000;admin;NO
FAC-315;2026-06-19;;;CAMISETAS CABALLERO COLOMBIA AAA AMARILLA (S);1128827;1;60000;0;Efectivo;60000;0;60000;admin;NO
FAC-314;2026-06-19;;;CAMISETAS NIÑO COLOMBIA AAA AMARILLA (26);1148811;1;70000;0;A convenir;70000;0;70000;admin;NO
FAC-313;2026-06-19;;;GORRAS UNISEX COLOMBIA (UN);1438630;1;56000;0;A convenir;56000;0;56000;admin;NO
FAC-312;2026-06-19;;;PANTALONES DAMA GAMUSA (UN);2113730;1;70000;0;A convenir;70000;0;70000;admin;NO
FAC-312;2026-06-19;;;BUSOS DAMA CUELLO REDONDO (UN);26110830;1;56000;0;;56000;0;56000;admin;NO
FAC-311;2026-06-19;;;CAMISETAS NIÑO COLOMBIA AAA AMARILLA (24);1148810;1;70000;0;Efectivo;70000;0;70000;admin;NO
FAC-311;2026-06-19;;;CAMISETAS CABALLERO COLOMBIA AAA AZUL (L);11231023;2;70000;0;;70000;0;70000;admin;NO
FAC-310;2026-06-19;;;CONJUNTO UNISEX COLOMBIA 1.1 POLO AZUL (L);40329523;1;80000;0;Efectivo;80000;0;80000;admin;NO
FAC-309;2026-06-19;;;CAMISETAS CABALLERO COLOMBIA 1.1 BLANCA ENTRENAMIENTO (S);11231327;2;76000;0;A convenir;76000;0;76000;admin;NO
FAC-308;2026-06-19;;;CAMISETAS CABALLERO PORTUGAL 1.1 VISITANTE (M);11222225;1;86000;0;A convenir;86000;0;86000;admin;NO
FAC-307;2026-06-19;;;CONJUNTO CABALLERO JAPON AAA LOCAL (M);40215125;1;70000;0;A convenir;70000;0;70000;admin;NO
FAC-306;2026-06-19;;;CAMISETAS DAMA COLOMBIA 1.1 AMARILLA (S);1118727;1;70000;0;A convenir;70000;0;70000;admin;NO
FAC-305;2026-06-19;;;CAMISETAS CABALLERO COLOMBIA AAA AMARILLA (L);1128823;1;60000;0;Efectivo;60000;0;60000;admin;NO
FAC-304;2026-06-18;;;CAMISETAS CABALLERO ESPAÑA 1.1 LOCAL (L);11212823;1;80000;0;A convenir;80000;0;80000;admin;NO
FAC-303;2026-06-18;;;JEANS CABALLERO JOGGER (32);1215614;1;70000;0;A convenir;70000;0;70000;admin;NO
FAC-303;2026-06-18;;;CHAQUETAS DAMA OVEJERA CUERINA (M);25120025;1;104000;0;;104000;0;104000;admin;NO
FAC-302;2026-06-18;;;DRILL CABALLERO RIBETE (34);42223715;1;76000;0;Efectivo;76000;0;76000;admin;NO
FAC-302;2026-06-18;;;CHAQUETAS DAMA OVEJERA CUERINA (S);25120027;1;104000;0;;104000;0;104000;admin;NO
FAC-301;2026-06-18;;;JEANS DAMA OVERSIZE TACHES (10);112843;1;110000;0;A convenir;110000;0;110000;admin;NO
FAC-301;2026-06-18;;;BUSOS DAMA CREMALLERA OVERSIZE (UN);26110430;1;72000;0;;72000;0;72000;admin;NO
FAC-300;2026-06-18;;;JEANS DAMA OVERSIZE BRINES (10);112853;1;110000;0;A convenir;110000;0;110000;admin;NO
FAC-300;2026-06-18;;;BLUSAS DAMA AMBAR (UN);612430;1;46000;0;;46000;0;46000;admin;NO
FAC-299;2026-06-18;;;CONJUNTO UNISEX COLOMBIA 1.1 POLO AZUL (S);40329527;1;80000;0;Efectivo;80000;0;80000;admin;NO
FAC-298;2026-06-18;;;LEGGINS DAMA LICRA (UN);44116730;1;30000;0;Efectivo;30000;0;30000;admin;NO
FAC-298;2026-06-18;;;SACO DAMA TEJIDO RAYAS (UN);39125830;1;50000;0;;50000;0;50000;admin;NO
FAC-298;2026-06-18;;;CAMISETAS DAMA SEDA FRIA (UN);11124830;1;34000;0;;34000;0;34000;admin;NO
FAC-297;2026-06-18;;;CHAQUETAS DAMA PAÑO (M);25128825;1;90000;0;A convenir;90000;0;90000;admin;NO
FAC-296;2026-06-18;;;BUSOS UNISEX ALGODON CAPOTA ESTAMPADO (M);2631825;1;48000;0;Efectivo;48000;0;48000;admin;NO
FAC-295;2026-06-18;;;ENCRESPADOR DAMA PEPITAS BRILLANTES (UN);5712080;1;11000;0;Efectivo;11000;0;11000;admin;NO
FAC-294;2026-06-18;;;SACO DAMA TEJIDO RAYAS (UN);39125830;1;50000;0;Efectivo;50000;0;50000;admin;NO
FAC-293;2026-06-18;;;CHAQUETAS DAMA ROMBOS (M);25124225;1;78000;0;A convenir;78000;0;78000;admin;NO
FAC-292;2026-06-18;;;BUSOS UNISEX ALGODON CAPOTA ESTAMPADO (M);2631825;1;48000;0;A convenir;48000;0;48000;admin;NO
FAC-291;2026-06-18;;;BUSOS UNISEX ALGODON CON CAPOTA ESTAMPADO CREMALLERA (XL);2631932;1;48000;0;Efectivo;48000;0;48000;admin;NO
FAC-290;2026-06-18;;;GORRAS UNISEX VARIOS (UN);14327530;1;32000;0;Efectivo;32000;0;32000;admin;NO
FAC-289;2026-06-18;;;CAMISETAS CABALLERO COLOMBIA 1.1 BLANCA ENTRENAMIENTO (S);11231327;1;76000;0;A convenir;76000;0;76000;admin;NO
FAC-289;2026-06-18;;;GORRAS UNISEX COLOMBIA (UN);1438630;1;56000;0;;56000;0;56000;admin;NO
FAC-288;2026-06-18;;;JEANS CABALLERO JOGGER (32);1215614;1;70000;0;Efectivo;70000;0;70000;admin;NO
FAC-287;2026-06-18;;;CAMISETAS CABALLERO SEDA FRIA (M);11224825;1;40000;0;Efectivo;40000;0;40000;admin;NO
FAC-286;2026-06-17;;;CAMISETAS CABALLERO COLOMBIA AAA AZUL (L);11231023;1;70000;0;Efectivo;70000;0;70000;admin;NO
FAC-285;2026-06-17;;;JEANS CABALLERO BAGGI (30);123913;1;110000;0;A convenir;110000;0;110000;admin;NO
FAC-284;2026-06-17;;;GORRAS UNISEX COLOMBIA (UN);1438630;1;56000;0;Efectivo;56000;0;56000;admin;NO
FAC-283;2026-06-17;;;BUSOS DAMA CON BORDADOS (UN);2619030;1;66000;0;A convenir;66000;0;66000;admin;NO
FAC-282;2026-06-17;;;CAMISETAS CABALLERO COLOMBIA 1.1 AMARILLA (S);1128727;1;70000;0;Efectivo;70000;0;70000;admin;NO
FAC-281;2026-06-17;;;CHAQUETAS CABALLERO POLO (UN);25221630;1;68000;0;Efectivo;68000;0;68000;admin;NO
FAC-280;2026-06-17;;;CAMISETAS CABALLERO COLOMBIA AAA AZUL (L);11231023;3;70000;0;A convenir;70000;0;70000;admin;NO
FAC-279;2026-06-17;;;CHAQUETAS DAMA JEAN TORERA OVEJERA (XL);25115532;1;90000;0;A convenir;90000;0;90000;admin;NO
FAC-278;2026-06-17;;;CAMISETAS UNISEX SEDA FRÍA (S);11324927;1;70000;0;A convenir;70000;0;70000;admin;NO
FAC-278;2026-06-17;;;BERMUDAS CABALLERO CAMUFLADO (34);526615;1;76000;0;;76000;0;76000;admin;NO
FAC-277;2026-06-17;;;CAMISETAS DAMA COLOMBIA 1.1 AMARILLA (S);1118727;1;70000;0;A convenir;70000;0;70000;admin;NO
FAC-277;2026-06-17;;;CAMISETAS NIÑO COLOMBIA AAA AMARILLA (24);1148810;1;70000;0;;70000;0;70000;admin;NO
FAC-277;2026-06-17;;;CAMISETAS NIÑO COLOMBIA AAA AMARILLA (28);1148812;1;70000;0;;70000;0;70000;admin;NO
FAC-276;2026-06-16;;;CAMISETAS CABALLERO COLOMBIA 1.1 AMARILLA (S);1128727;1;70000;0;A convenir;70000;0;70000;admin;NO
FAC-275;2026-06-16;;;CAMISETAS DAMA COLOMBIA 1.1 AMARILLA (L);1118723;1;80000;0;A convenir;80000;0;80000;admin;NO
FAC-274;2026-06-16;;;CAMISETAS DAMA COLOMBIA 1.1 AMARILLA (M);1118725;1;70000;0;A convenir;70000;0;70000;admin;NO
FAC-274;2026-06-16;;;CAMISETAS CABALLERO COLOMBIA 1.1 AMARILLA (L);1128723;1;70000;0;;70000;0;70000;admin;NO
FAC-273;2026-06-16;;;CAMISETAS DAMA COLOMBIA 1.1 AMARILLA (L);1118723;1;80000;0;A convenir;80000;0;80000;admin;NO
FAC-272;2026-06-16;;;CAMISETAS CABALLERO POLO TIPO GALLETA (L);11222023;1;50000;0;A convenir;50000;0;50000;admin;NO
FAC-272;2026-06-16;;;CAMISETAS CABALLERO SEDA FRIA (S);11224827;1;40000;0;;40000;0;40000;admin;NO
FAC-272;2026-06-16;;;CAMISETAS CABALLERO SEDA FRIA (M);11224825;1;40000;0;;40000;0;40000;admin;NO
FAC-272;2026-06-16;;;CAMISETAS UNISEX SEDA FRÍA (L);11324923;1;70000;0;;70000;0;70000;admin;NO
FAC-271;2026-06-16;;;BUSOS UNISEX MUNDIAL 2026 (S);26319427;1;70000;0;A convenir;70000;0;70000;admin;NO
FAC-270;2026-06-16;;;LEGGINS DAMA LEGGINS UNICOLOR (L);44116623;1;44000;0;A convenir;44000;0;44000;admin;NO
FAC-269;2026-06-16;;;BUSOS UNISEX ALGODON CON CAPOTA ESTAMPADO CREMALLERA (S);2631927;1;48000;0;A convenir;48000;0;48000;admin;NO
FAC-268;2026-06-16;;;CAMISETAS DAMA COLOMBIA 1.1 AMARILLA (L);1118723;1;80000;0;A convenir;80000;0;80000;admin;NO
FAC-267;2026-06-16;;;FALDAS DAMA ROTONDA (XL);9124332;1;32000;0;A convenir;32000;0;32000;admin;NO
FAC-266;2026-06-16;;;CAMISETAS NIÑO COLOMBIA AAA AMARILLA (28);1148812;1;70000;0;A convenir;70000;0;70000;admin;NO
FAC-265;2026-06-16;;;CAMISETAS NIÑO COLOMBIA AAA AMARILLA (24);1148810;1;70000;0;A convenir;70000;0;70000;admin;NO
FAC-264;2026-06-16;;;CAMISETAS DAMA COLOMBIA 1.1 AMARILLA (M);1118725;1;70000;0;Efectivo;70000;0;70000;admin;NO
FAC-263;2026-06-16;;;MEDIAS UNISEX ECONOMICA (VA);24312431;1;9000;0;Efectivo;9000;0;9000;admin;NO
FAC-263;2026-06-16;;;CANILLERAS NIÑO ECONOMICA (VA);27412431;1;9000;0;;9000;0;9000;admin;NO
FAC-262;2026-06-16;;;CORREAS DAMA - (UN);221030;1;18000;0;Efectivo;18000;0;18000;admin;NO
FAC-262;2026-06-16;;;CAMISETAS DAMA COLOMBIA 1.1 AMARILLA (S);1118727;1;70000;0;;70000;0;70000;admin;NO
FAC-261;2026-06-16;;;CAMISETAS CABALLERO POLO TIPO GALLETA ACANALADA (S);11232427;1;64000;0;Efectivo;64000;0;64000;admin;NO
FAC-260;2026-06-16;;;SUDADERA CABALLERO COLOMBIA CENTENARIO (M);4128925;1;170000;0;Tarjeta de débito;170000;0;170000;admin;NO
FAC-259;2026-06-16;;;BUSOS DAMA CREMALLERA OVERSIZE (UN);26110430;1;72000;0;Efectivo;72000;0;72000;admin;NO
FAC-258;2026-06-16;;;CAMISETAS CABALLERO COLOMBIA 1.1 AMARILLA (S);1128727;1;70000;0;Efectivo;70000;0;70000;admin;NO
FAC-258;2026-06-16;;;BUSOS CABALLERO CUELLO REDONDO COMBINADO (UN);26210930;1;70000;0;;70000;0;70000;admin;NO
FAC-257;2026-06-16;;;CAMISETAS CABALLERO COLOMBIA 1.1 AMARILLA (S);1128727;1;70000;0;Efectivo;70000;0;70000;admin;NO
FAC-256;2026-06-15;;;CAJAS REGALO UNISEX COLOMBIA (UN);213860;1;4000;0;A convenir;4000;0;4000;admin;NO
FAC-256;2026-06-15;;;CAMISETAS DAMA COLOMBIA 1.1 AMARILLA (L);1118723;1;80000;0;;80000;0;80000;admin;NO
FAC-255;2026-06-15;;;BERMUDAS DAMA RODILLA (16);512396;1;64000;0;A convenir;64000;0;64000;admin;NO
FAC-254;2026-06-15;;;CINTURON+BILLETERA CABALLERO CAJA VERSACE (UN);502620;1;60000;0;A convenir;60000;0;60000;admin;NO
FAC-254;2026-06-15;;;CHAQUETAS CABALLERO JEAN OVEJERA (L);25215423;1;110000;0;;110000;0;110000;admin;NO
FAC-254;2026-06-15;;;SACO DAMA TEJIDO RAYAS (UN);39125830;1;50000;0;;50000;0;50000;admin;NO
FAC-254;2026-06-15;;;CAMISETAS CABALLERO SEDA FRIA (L);11224823;1;40000;0;;40000;0;40000;admin;NO
FAC-254;2026-06-15;;;BUSOS UNISEX ALGODON CUELLO REDONDO ESTAMPADO (L);2632123;1;44000;0;;44000;0;44000;admin;NO
FAC-254;2026-06-15;;;BUSOS UNISEX ALGODON SIN ESTAMPADO (L);2632323;1;44000;0;;44000;0;44000;admin;NO
FAC-253;2026-06-15;;;CAMISETAS DAMA COLOMBIA 1.1 AMARILLA (L);1118723;1;80000;0;A convenir;80000;0;80000;admin;NO
FAC-252;2026-06-15;;;LEGGINS DAMA ALGODON (XL);4411632;2;34000;0;A convenir;34000;0;34000;admin;NO
FAC-252;2026-06-15;;;CAMISETAS CABALLERO SEDA FRIA (L);11224823;1;40000;0;;40000;0;40000;admin;NO
FAC-252;2026-06-15;;;CHAQUETAS CABALLERO POLO SENCILLA (L);25221923;1;90000;0;;90000;0;90000;admin;NO
FAC-252;2026-06-15;;;CONJUNTO CABALLERO PORTUGAL AAA (L);40222323;1;70000;0;;70000;0;70000;admin;NO
FAC-251;2026-06-15;;;CONJUNTO CABALLERO MEXICO AAA LOCAL (XL);40218732;1;70000;0;A convenir;70000;0;70000;admin;NO
FAC-250;2026-06-15;;;DRILL CABALLERO RIBETE (32);42223714;1;76000;0;Efectivo;76000;0;76000;admin;NO
FAC-249;2026-06-15;;;MEDIAS UNISEX FINA MEDIA (VA);24313531;1;16000;0;Efectivo;16000;0;16000;admin;NO
FAC-248;2026-06-15;;;CAMISETAS CABALLERO OVERSIZE (L);11220223;1;58000;0;Efectivo;58000;0;58000;admin;NO
FAC-248;2026-06-15;;;BUSOS UNISEX OVERSIZE (UN);26320230;1;76000;0;;76000;0;76000;admin;NO
FAC-247;2026-06-15;;;CAMISETAS CABALLERO COLOMBIA 1.1 AMARILLA (XL);1128732;1;70000;0;Efectivo;70000;0;70000;admin;NO
FAC-247;2026-06-15;;;CAMISETAS CABALLERO COLOMBIA 1.1 AMARILLA (L);1128723;1;70000;0;;70000;0;70000;admin;NO
FAC-246;2026-06-15;;;CAJAS REGALO UNISEX COLOMBIA (UN);213860;1;4000;0;Efectivo;4000;0;4000;admin;NO
FAC-246;2026-06-15;;;BUSOS UNISEX MUNDIAL 2026 (XL);26319432;1;70000;0;;70000;0;70000;admin;NO
FAC-245;2026-06-15;;;PULSERAS DAMA DE COLOMBIA (UN);3111110;2;5000;0;Efectivo;5000;0;5000;admin;NO
FAC-244;2026-06-15;;;MOÑOS DAMA MOÑOS COLOMBIA (UN);5611930;1;7000;0;Efectivo;7000;0;7000;admin;NO
FAC-243;2026-06-15;;;BLUSAS DAMA MARIPOSA (UN);6118430;1;36000;0;Efectivo;36000;0;36000;admin;NO
FAC-242;2026-06-15;;;CAMISETAS CABALLERO POLO TIPO GALLETA ACANALADA (L);11232423;1;64000;0;A convenir;64000;0;64000;admin;NO
FAC-242;2026-06-15;;;SACO DAMA CORAZON LOVE (UN);3919730;1;60000;0;;60000;0;60000;admin;NO
FAC-241;2026-06-15;;;CONJUNTO CABALLERO PORTUGAL AAA (S);40222327;1;70000;0;A convenir;70000;0;70000;admin;NO
FAC-240;2026-06-15;;;LEGGINS DAMA ALGODON (XL);4411632;1;34000;0;A convenir;34000;0;34000;admin;NO
FAC-240;2026-06-15;;;CAMISETAS NIÑO COLOMBIA AAA AMARILLA (24);1148810;1;70000;0;;70000;0;70000;admin;NO
FAC-239;2026-06-15;;;BATAS TEJIDO DAMA - (UN);521030;1;46000;0;A convenir;46000;0;46000;admin;NO
FAC-238;2026-06-15;;;CAMISETAS CABALLERO POLO TIPO GALLETA (L);11222023;1;50000;0;A convenir;50000;0;50000;admin;NO
FAC-237;2026-06-15;;;BUSOS CABALLERO DEPORTIVO (L-XL);26211524;2;32000;0;A convenir;32000;0;32000;admin;NO
FAC-236;2026-06-14;;;BUSOS UNISEX OVERSIZE (UN);26320230;2;76000;0;A convenir;76000;0;76000;admin;NO
FAC-236;2026-06-14;;;CHAQUETAS CABALLERO JEAN OVEJERA (XL);25215432;1;110000;0;;110000;0;110000;admin;NO
FAC-236;2026-06-14;;;JEANS CABALLERO CLASICO (34);127815;1;70000;0;;70000;0;70000;admin;NO
FAC-235;2026-06-14;;;LEGGINS DAMA ALGODON (XL);4411632;1;34000;0;Efectivo;34000;0;34000;admin;NO
FAC-234;2026-06-14;;;BUSOS CABALLERO CUELLO REDONDO COMBINADO (UN);26210930;1;70000;0;Efectivo;70000;0;70000;admin;NO
FAC-233;2026-06-14;;;CHAQUETAS DAMA ROMBOS (L);25124223;1;78000;0;Efectivo;78000;0;78000;admin;NO
FAC-232;2026-06-14;;;CHAQUETAS CABALLERO CANGURO AIR (L);2526823;1;68000;0;A convenir;68000;0;68000;admin;NO
FAC-232;2026-06-14;;;GORRAS UNISEX VARIOS (UN);14327530;1;32000;0;;32000;0;32000;admin;NO
FAC-231;2026-06-14;;;TEJIDOS DAMA BOTONES (UN);715030;2;60000;0;A convenir;60000;0;60000;admin;NO
FAC-230;2026-06-14;;;CAMISETAS CABALLERO POLO SEDA FRIA (XL);11221832;1;48000;0;A convenir;48000;0;48000;admin;NO
FAC-230;2026-06-14;;;CAMISETAS CABALLERO POLO SEDA FRIA (S);11221827;1;48000;0;;48000;0;48000;admin;NO
FAC-229;2026-06-14;;;CAMISETAS CABALLERO COLOMBIA 1.1 AMARILLA (XXL);1128734;1;70000;0;A convenir;70000;0;70000;admin;NO
FAC-228;2026-06-14;;;CAMISETAS CABALLERO COLOMBIA 1.1 AMARILLA (S);1128727;1;70000;0;A convenir;70000;0;70000;admin;NO
FAC-227;2026-06-14;;;GORRAS UNISEX COLOMBIA (UN);1438630;1;56000;0;A convenir;56000;0;56000;admin;NO
FAC-226;2026-06-14;;;GORRAS UNISEX VARIOS (UN);14327530;1;32000;0;A convenir;32000;0;32000;admin;NO
FAC-225;2026-06-14;;;SPLASH DAMA - (UN);46100;1;17000;0;Efectivo;17000;0;17000;admin;NO
FAC-224;2026-06-14;;;JEANS DAMA 4 BOTONES SIN BOLSILLO (6);1151;1;64000;0;A convenir;64000;0;64000;admin;NO
FAC-224;2026-06-14;;;CAMISETAS UNISEX SEDA FRÍA (S);11324927;1;70000;0;;70000;0;70000;admin;NO
FAC-224;2026-06-14;;;CAMISETAS UNISEX SEDA FRÍA (XL);11324932;1;70000;0;;70000;0;70000;admin;NO
FAC-223;2026-06-14;;;CAMISETAS CABALLERO POLO SEDA FRIA (M);11221825;1;48000;0;A convenir;48000;0;48000;admin;NO
FAC-222;2026-06-14;;;CHAQUETAS CABALLERO POLO SENCILLA (XL);25221932;1;90000;0;A convenir;90000;0;90000;admin;NO
FAC-222;2026-06-14;;;DRILL CABALLERO JUVENIL (36);42215816;1;70000;0;;70000;0;70000;admin;NO
FAC-222;2026-06-14;;;DRILL CABALLERO CAMUFLADO (32);4226614;1;90000;0;;90000;0;90000;admin;NO
FAC-221;2026-06-14;;;DRILL CABALLERO JUVENIL (36);42215816;1;70000;0;Efectivo;70000;0;70000;admin;NO
FAC-220;2026-06-14;;;LAPIZ DAMA LAPIZ UBC (UN);7211640;2;3000;0;Efectivo;3000;0;3000;admin;NO
FAC-219;2026-06-14;;;HEBILLA DAMA HEBILLA ESTRELLA (UN);6211410;1;8000;0;Efectivo;8000;0;8000;admin;NO
FAC-218;2026-06-14;;;CAIMAN DAMA MEDIANO MURANO DORADO (UN);5911860;1;3000;0;A convenir;3000;0;3000;admin;NO
FAC-218;2026-06-14;;;LEGGINS DAMA LICRA (UN);44116730;1;30000;0;;30000;0;30000;admin;NO
FAC-218;2026-06-14;;;PINTUCARA DAMA PINTUCARA TRICOLOR (UN);7412120;2;7000;0;;7000;0;7000;admin;NO
FAC-218;2026-06-14;;;CAMISETAS CABALLERO SEDA FRIA (M);11224825;1;40000;0;;40000;0;40000;admin;NO
FAC-217;2026-06-14;;;CAMISETAS CABALLERO OVERSIZE (M);11220225;1;58000;0;A convenir;58000;0;58000;admin;NO
FAC-216;2026-06-14;;;BATAS TEJIDO DAMA - (UN);521030;1;46000;0;A convenir;46000;0;46000;admin;NO
FAC-215;2026-06-14;;;BLUSAS DAMA AMBAR (UN);612430;1;46000;0;A convenir;46000;0;46000;admin;NO
FAC-215;2026-06-14;;;LEGGINS DAMA ALGODON (XL);4411632;1;34000;0;;34000;0;34000;admin;NO
FAC-214;2026-06-14;;;SPLASH CABALLERO - (UN);46200;1;13000;0;A convenir;13000;0;13000;admin;NO
FAC-213;2026-06-14;;;DRILL CABALLERO JUVENIL (32);42215814;1;70000;0;Efectivo;70000;0;70000;admin;NO
FAC-213;2026-06-14;;;DRILL CABALLERO CAMUFLADO (34);4226615;1;90000;0;;90000;0;90000;admin;NO
FAC-213;2026-06-14;;;HEBILLA DAMA HEBILLA ESTRELLA (UN);6211410;1;8000;0;;8000;0;8000;admin;NO
FAC-213;2026-06-14;;;LABIAL DAMA LABIAL THE OILY LIPS (UN);6811620;1;12000;0;;12000;0;12000;admin;NO
FAC-213;2026-06-14;;;SPLASH CABALLERO PULSERA COMBO (VA);46223031;1;25000;0;;25000;0;25000;admin;NO
FAC-213;2026-06-14;;;JEANS DAMA BAGGI CON BRILLANTES (16);11406;1;110000;0;;110000;0;110000;admin;NO
FAC-212;2026-06-14;;;BLUSAS DAMA AMBAR (UN);612430;1;46000;0;A convenir;46000;0;46000;admin;NO
FAC-212;2026-06-14;;;CAMISETAS CABALLERO CUELLO REDONDO (M);11210825;1;40000;0;;40000;0;40000;admin;NO
FAC-212;2026-06-14;;;GORRAS UNISEX VARIOS (UN);14327530;1;32000;0;;32000;0;32000;admin;NO
FAC-211;2026-06-14;;;CAMISETAS CABALLERO ITALIA 90 (XL);11215032;1;70000;0;A convenir;70000;0;70000;admin;NO
FAC-210;2026-06-14;;;JEANS CABALLERO CLASICO (30);127813;1;70000;0;Efectivo;70000;0;70000;admin;NO
FAC-210;2026-06-14;;;CAMISETAS CABALLERO POLO SEDA FRIA (M);11221825;1;48000;0;;48000;0;48000;admin;NO
FAC-209;2026-06-14;;;CHAQUETAS DAMA PAÑO OVEJERA (M);25120525;1;90000;0;A convenir;90000;0;90000;admin;NO
FAC-209;2026-06-14;;;BUSOS CABALLERO CUELLO REDONDO (L);26210823;1;56000;0;;56000;0;56000;admin;NO
FAC-208;2026-06-14;;;PINTUCARA DAMA PINTUCARA TRICOLOR (UN);7412120;1;7000;0;A convenir;7000;0;7000;admin;NO
FAC-208;2026-06-14;;;CAMISETAS CABALLERO COLOMBIA 1.1 AMARILLA (L);1128723;1;70000;0;;70000;0;70000;admin;NO
FAC-208;2026-06-14;;;BUSOS CABALLERO ESTAMPADO (UN);26213130;1;70000;0;;70000;0;70000;admin;NO
FAC-208;2026-06-14;;;CAMISETAS CABALLERO COLOMBIA AAA AZUL (L);11231023;1;70000;0;;70000;0;70000;admin;NO
FAC-207;2026-06-14;;;CAMISETAS CABALLERO COLOMBIA 1.1 AMARILLA (M);1128725;1;80000;0;A convenir;80000;0;80000;admin;NO
FAC-206;2026-06-14;;;PINTUCARA DAMA PINTUCARA TRICOLOR (UN);7412120;1;7000;0;A convenir;7000;0;7000;admin;NO
FAC-206;2026-06-14;;;LICRAS DAMA A RODILLA (UN);31630;1;22000;0;;22000;0;22000;admin;NO
FAC-205;2026-06-14;;;MEDIAS CABALLERO TOBILLERA COTLINE (UN);2422640;6;3000;0;Efectivo;3000;0;3000;admin;NO
FAC-205;2026-06-14;;;CAMISETAS CABALLERO SEDA FRIA (L);11224823;1;40000;0;;40000;0;40000;admin;NO
FAC-204;2026-06-14;;;CAJAS REGALO UNISEX COLOMBIA (UN);213860;1;4000;0;Efectivo;4000;0;4000;admin;NO
FAC-204;2026-06-14;;;GORRAS UNISEX COLOMBIA (UN);1438630;1;56000;0;;56000;0;56000;admin;NO
FAC-203;2026-06-14;;;CAJAS REGALO UNISEX COLOMBIA (UN);213860;1;4000;0;Efectivo;4000;0;4000;admin;NO
FAC-203;2026-06-14;;;CAMISETAS CABALLERO SEDA FRIA (M);11224825;1;40000;0;;40000;0;40000;admin;NO
FAC-202;2026-06-14;;;CAMISETAS NIÑO COLOMBIA AAA AMARILLA (18);114887;1;70000;0;A convenir;70000;0;70000;admin;NO
FAC-202;2026-06-14;;;CAMISETAS CABALLERO COLOMBIA 1.1 AMARILLA (M);1128725;3;80000;0;;80000;0;80000;admin;NO
FAC-201;2026-06-14;;;CAMISETAS CABALLERO COLOMBIA 1.1 AMARILLA (M);1128725;1;80000;0;A convenir;80000;0;80000;admin;NO
FAC-201;2026-06-14;;;CAJAS REGALO UNISEX COLOMBIA (UN);213860;1;4000;0;;4000;0;4000;admin;NO
FAC-201;2026-06-14;;;CAMISETAS NIÑO COLOMBIA AAA AMARILLA (26);1148811;1;70000;0;;70000;0;70000;admin;NO
FAC-201;2026-06-14;;;CAMISETAS DAMA COLOMBIA 1.1 AMARILLA (L);1118723;1;80000;0;;80000;0;80000;admin;NO
FAC-200;2026-06-14;;;PULSERAS DAMA DE COLOMBIA (UN);3111110;1;5000;0;A convenir;5000;0;5000;admin;NO
FAC-200;2026-06-14;;;BUSOS UNISEX MUNDIAL 2026 (L);26319423;1;70000;0;;70000;0;70000;admin;NO
FAC-200;2026-06-14;;;CHAQUETAS CABALLERO JEAN CLASICA (L);25215323;1;100000;0;;100000;0;100000;admin;NO
FAC-200;2026-06-14;;;CONJUNTO CABALLERO JAPON AAA LOCAL (L);40215123;1;70000;0;;70000;0;70000;admin;NO
FAC-199;2026-06-14;;;CONJUNTO CABALLERO MEXICO AAA LOCAL (L);40218723;1;70000;0;A convenir;70000;0;70000;admin;NO
FAC-198;2026-06-14;;;CAJAS REGALO UNISEX COLOMBIA (UN);213860;1;4000;0;A convenir;4000;0;4000;admin;NO
FAC-198;2026-06-14;;;CAMISETAS CABALLERO COLOMBIA 1.1 AMARILLA (M);1128725;1;80000;0;;80000;0;80000;admin;NO
FAC-197;2026-06-14;;;BUSOS UNISEX MUNDIAL 2026 (L);26319423;1;70000;0;Efectivo;70000;0;70000;admin;NO
FAC-196;2026-06-14;;;DRILL CABALLERO RIBETE (32);42223714;1;76000;0;A convenir;76000;0;76000;admin;NO
FAC-196;2026-06-14;;;CAMISETAS DAMA ALGODON AJUSTADA (S);1111727;1;40000;0;;40000;0;40000;admin;NO
FAC-196;2026-06-14;;;BUSOS UNISEX ALGODON CAPOTA ESTAMPADO (S);2631827;1;48000;0;;48000;0;48000;admin;NO
FAC-195;2026-06-14;;;CHAQUETAS CABALLERO JEAN CLASICA (M);25215325;1;100000;0;A convenir;100000;0;100000;admin;NO
FAC-195;2026-06-14;;;CAMISETAS CABALLERO POLO SEDA FRIA (L);11221823;1;48000;0;;48000;0;48000;admin;NO
FAC-195;2026-06-14;;;GORRAS UNISEX COLOMBIA (UN);1438630;1;56000;0;;56000;0;56000;admin;NO
FAC-194;2026-06-14;;;CAMISETAS CABALLERO MILLONARIOS 1.1 LOCAL 2025 (XL);11218832;1;64000;0;A convenir;64000;0;64000;admin;NO
FAC-194;2026-06-14;;;PANTALONES UNISEX IMPERMEABLE BORDADO EQUIPOS (L);2332823;1;46000;0;;46000;0;46000;admin;NO
FAC-193;2026-06-14;;;CHAQUETAS DAMA PAÑO OVEJERA (L);25120523;1;90000;0;Efectivo;90000;0;90000;admin;NO
FAC-192;2026-06-14;;;PULSERAS DAMA DE COLOMBIA (UN);3111110;1;5000;0;Efectivo;5000;0;5000;admin;NO
FAC-191;2026-06-14;;;BUSOS UNISEX MUNDIAL 2026 (M);26319425;1;70000;0;A convenir;70000;0;70000;admin;NO
FAC-191;2026-06-14;;;CAJAS REGALO UNISEX COLOMBIA (UN);213860;1;4000;0;;4000;0;4000;admin;NO
FAC-190;2026-06-14;;;CAMISETAS NIÑO COLOMBIA AAA AMARILLA (22);114889;1;70000;0;Efectivo;70000;0;70000;admin;NO
FAC-189;2026-06-14;;;CHAQUETAS CABALLERO HUGO BOSS (XL);25214332;1;72000;0;A convenir;72000;0;72000;admin;NO
FAC-188;2026-06-13;;;GORRAS UNISEX VARIOS (UN);14327530;1;32000;0;Efectivo;32000;0;32000;admin;NO
FAC-187;2026-06-13;;;CAMISETAS CABALLERO COLOMBIA 1.1 AMARILLA (S);1128727;2;70000;0;A convenir;70000;0;70000;admin;NO
FAC-186;2026-06-13;;;CAMISAS-CABALLERO (L);102023;1;48000;0;Efectivo;48000;0;48000;admin;NO
FAC-185;2026-06-13;;;CAMISETAS CABALLERO COLOMBIA 1.1 AMARILLA (XXL);1128734;1;70000;0;A convenir;70000;0;70000;admin;NO
FAC-185;2026-06-13;;;CAMISETAS CABALLERO COLOMBIA 1.1 AMARILLA (L);1128723;1;70000;0;;70000;0;70000;admin;NO
FAC-184;2026-06-13;;;GORRAS UNISEX COLOMBIA (UN);1438630;1;56000;0;A convenir;56000;0;56000;admin;NO
FAC-184;2026-06-13;;;BUSOS UNISEX MUNDIAL 2026 (M);26319425;1;70000;0;;70000;0;70000;admin;NO
FAC-183;2026-06-13;;;PANTALONES DAMA GAMUSA (XL);2113732;1;70000;0;Efectivo;70000;0;70000;admin;NO
FAC-182;2026-06-13;;;PANTALONES UNISEX IMPERMEABLE (L);2314523;1;32000;0;A convenir;32000;0;32000;admin;NO
FAC-181;2026-06-13;;;CHAQUETAS CABALLERO CANGURO AIR (XL );2526833;1;68000;0;Efectivo;68000;0;68000;admin;NO
FAC-180;2026-06-13;;;CAMISETAS CABALLERO COLOMBIA AAA AZUL (L);11231023;1;70000;0;A convenir;70000;0;70000;admin;NO
FAC-179;2026-06-13;;;BUSOS CABALLERO CUELLO REDONDO (UN);26210830;1;70000;0;A convenir;70000;0;70000;admin;NO
FAC-178;2026-06-13;;;GORRAS UNISEX COLOMBIA (UN);1438630;1;56000;0;A convenir;56000;0;56000;admin;NO
FAC-177;2026-06-13;;;JEANS CABALLERO CLASICO (32);127814;1;70000;0;Efectivo;70000;0;70000;admin;NO
FAC-176;2026-06-13;;;CHAQUETAS CABALLERO POLO SENCILLA (XL);25221932;1;90000;0;Efectivo;90000;0;90000;admin;NO
FAC-175;2026-06-13;;;GORRAS UNISEX VARIOS (UN);14327530;1;32000;0;A convenir;32000;0;32000;admin;NO
FAC-175;2026-06-13;;;CHAQUETAS CABALLERO ABIERTA AIR (XL);252732;1;72000;0;;72000;0;72000;admin;NO
FAC-174;2026-06-13;;;CAJAS REGALO UNISEX COLOMBIA (UN);213860;1;4000;0;A convenir;4000;0;4000;admin;NO
FAC-174;2026-06-13;;;CAMISETAS CABALLERO COLOMBIA 1.1 AMARILLA (M);1128725;1;80000;0;;80000;0;80000;admin;NO
FAC-173;2026-06-12;;;CAMISETAS CABALLERO COLOMBIA AAA AMARILLA (M);1128825;1;60000;0;A convenir;60000;0;60000;admin;NO
